"document_id","gstruct_id","pstruct_id","gsent_id","psent_id","ganalysis","gtoken_id","gseq_id","ghead_uniq","div_book","div_chapter","div_section","gform","pform","glemma","plemma","bgmpos","postag","upos","xpos","feats","relation","deprel","deps","misc","gsint_id","psint_id","ghead_int","phead_int"
"0031-018","524617","31027","1","1","manual","1","1","5","1","_","1","Παῦλος","Παῦλος","Παῦλος","Παῦλος","nnmsc","n-s---mn-","NOUN","Nb","Case=Nom|Gender=Masc|Number=Sing","SBJ_CO","root","_","ref=PHILEM_1.1","1","1","5","0"
"0031-018","524617","31027","1","1","manual","2","2","1","1","_","1","δέσμιος","δέσμιος","δέσμιος","δέσμιος","a-nms","a-s---mn-","NOUN","Nb","Case=Nom|Gender=Masc|Number=Sing","APOS","appos","_","ref=PHILEM_1.1","2","2","1","1"
"0031-018","524617","31027","1","1","manual","3","3","2","1","_","1","Χριστοῦ","Χριστοῦ","Χριστός","Χριστός","ngmsc","n-s---mg-","PROPN","Ne","Case=Gen|Gender=Masc|Number=Sing","ATR","nmod","_","ref=PHILEM_1.1","3","3","2","2"
"0031-018","524617","31027","1","1","manual","4","4","3","1","_","1","Ἰησοῦ","Ἰησοῦ","Ἰησοῦς","Ἰησοῦς","ngmsc","n-s---mg-","PROPN","Ne","Case=Gen|Gender=Masc|Number=Sing","APOS","flat:name","_","ref=PHILEM_1.1","4","4","3","3"
"0031-018","524617","31027","1","1","manual","5","5","31","1","_","1","καὶ","καὶ","καί","καί","cc","b--------","CCONJ","C-","_","COORD","cc","_","ref=PHILEM_1.1","5","5","31","6"
"0031-018","524617","31027","1","1","manual","6","6","5","1","_","1","Τιμόθεος","Τιμόθεος","Τιμόθεος","Τιμόθεος","nnmsc","n-s---mn-","NOUN","Nb","Case=Nom|Gender=Masc|Number=Sing","SBJ_CO","conj","_","ref=PHILEM_1.1","6","6","5","1"
"0031-018","524617","31027","1","1","manual","7","7","8","1","_","1","ὁ","ὁ","ὁ","ὁ","dnms","l-s---mn-","DET","S-","Case=Nom|Definite=Def|Gender=Masc|Number=Sing|PronType=Dem","ATR","det","_","ref=PHILEM_1.1","7","7","8","8"
"0031-018","524617","31027","1","1","manual","8","8","6","1","_","1","ἀδελφὸς","ἀδελφὸς","ἀδελφός","ἀδελφός","nnmsc","n-s---mn-","NOUN","Nb","Case=Nom|Gender=Masc|Number=Sing","APOS","appos","_","ref=PHILEM_1.1","8","8","6","6"
"0031-018","524617","31027","1","1","manual","9","9","24","1","_","1","Φιλήμονι","Φιλήμονι","Φιλήμων","Φιλήμων","ndmsc","n-s---md-","NOUN","Nb","Case=Dat|Gender=Masc|Number=Sing","OBJ_CO","orphan","_","ref=PHILEM_1.1","9","9","24","1"
"0031-018","524617","31027","1","1","manual","10","10","12","1","_","1","τῷ","τῷ","ὁ","ὁ","ddms","l-s---md-","DET","S-","Case=Dat|Definite=Def|Gender=Masc,Neut|Number=Sing|PronType=Dem","ATR","det","_","ref=PHILEM_1.1","10","10","12","11"
"0031-018","524617","31027","1","1","manual","11","11","12","1","_","1","ἀγαπητῷ","ἀγαπητῷ","ἀγαπητός","ἀγαπητός","a-dms","a-s---md-","ADJ","A-","Case=Dat|Degree=Pos|Gender=Masc|Number=Sing","APOS_CO","appos","_","ref=PHILEM_1.1","11","11","12","9"
"0031-018","524617","31027","1","1","manual","12","12","9","1","_","1","καὶ","καὶ","καί","καί","cc","b--------","CCONJ","C-","_","COORD","cc","_","ref=PHILEM_1.1","12","12","9","13"
"0031-018","524617","31027","1","1","manual","13","13","12","1","_","1","συνεργῷ","συνεργῷ","συνεργός","συνεργός","a-dms","a-s---md-","ADJ","A-","Case=Dat|Degree=Pos|Gender=Masc|Number=Sing","APOS_CO","conj","_","ref=PHILEM_1.1","13","13","12","11"
"0031-018","524617","31027","1","1","manual","14","14","13","1","_","1","ἡμῶν","ἡμῶν","ἐγώ","ἡμεῖς","rpg-p","p1p---cg-","PRON","Pp","Case=Gen|Gender=Masc|Number=Plur|Person=1|PronType=Prs","ATR","det","_","ref=PHILEM_1.1","14","14","13","13"
"0031-018","524617","31027","1","1","manual","15","15","24","1","_","2","καὶ","καὶ","καί","καί","cc","b--------","CCONJ","C-","_","AuxY","cc","_","ref=PHILEM_1.2","15","15","24","16"
"0031-018","524617","31027","1","1","manual","16","16","24","1","_","2","Ἀπφίᾳ","Ἀπφίᾳ","Ἀπφία","Ἀπφία","ndfsc","n-s---fd-","NOUN","Nb","Case=Dat|Gender=Fem|Number=Sing","OBJ_CO","conj","_","ref=PHILEM_1.2","16","16","24","9"
"0031-018","524617","31027","1","1","manual","17","17","18","1","_","2","τῇ","τῇ","ὁ","ὁ","ddfs","l-s---fd-","DET","S-","Case=Dat|Definite=Def|Gender=Fem|Number=Sing|PronType=Dem","ATR","det","_","ref=PHILEM_1.2","17","17","18","18"
"0031-018","524617","31027","1","1","manual","18","18","16","1","_","2","ἀδελφῇ","ἀδελφῇ","ἀδελφή","ἀδελφή","ndfsc","n-s---fd-","NOUN","Nb","Case=Dat|Gender=Fem|Number=Sing","APOS","appos","_","ref=PHILEM_1.2","18","18","16","16"
"0031-018","524617","31027","1","1","manual","19","19","24","1","_","2","καὶ","καὶ","καί","καί","cc","b--------","CCONJ","C-","_","AuxY","cc","_","ref=PHILEM_1.2","19","19","24","20"
"0031-018","524617","31027","1","1","manual","20","20","24","1","_","2","Ἀρχίππῳ","Ἀρχίππῳ","Ἄρχιππος","Ἄρχιππος","ndmsc","n-s---md-","NOUN","Nb","Case=Dat|Gender=Masc|Number=Sing","OBJ_CO","conj","_","ref=PHILEM_1.2","20","20","24","9"
"0031-018","524617","31027","1","1","manual","21","21","22","1","_","2","τῷ","τῷ","ὁ","ὁ","ddms","l-s---md-","DET","S-","Case=Dat|Definite=Def|Gender=Masc,Neut|Number=Sing|PronType=Dem","ATR","det","_","ref=PHILEM_1.2","21","21","22","22"
"0031-018","524617","31027","1","1","manual","22","22","20","1","_","2","συστρατιώτῃ","συστρατιώτῃ","συστρατιώτης","συστρατιώτης","ndmsc","n-s---md-","NOUN","Nb","Case=Dat|Gender=Masc|Number=Sing","APOS","appos","_","ref=PHILEM_1.2","22","22","20","20"
"0031-018","524617","31027","1","1","manual","23","23","22","1","_","2","ἡμῶν","ἡμῶν","ἐγώ","ἡμεῖς","rpg-p","p1p---cg-","PRON","Pp","Case=Gen|Gender=Masc|Number=Plur|Person=1|PronType=Prs","ATR","det","_","ref=PHILEM_1.2","23","23","22","22"
"0031-018","524617","31027","1","1","manual","24","24","31","1","_","2","καὶ","καὶ","καί","καί","cc","b--------","CCONJ","C-","_","COORD","cc","_","ref=PHILEM_1.2","24","24","31","29"
"0031-018","524617","31027","1","1","manual","25","25","29","1","_","2","τῇ","τῇ","ὁ","ὁ","ddfs","l-s---fd-","DET","S-","Case=Dat|Definite=Def|Gender=Fem|Number=Sing|PronType=Dem","ATR","det","_","ref=PHILEM_1.2","25","25","29","29"
"0031-018","524617","31027","1","1","manual","26","26","29","1","_","2","κατ’","κατ’","κατά","κατά","pa","r--------","ADP","R-","_","AuxP","case","_","ref=PHILEM_1.2","26","26","29","27"
"0031-018","524617","31027","1","1","manual","27","27","26","1","_","2","οἶκόν","οἶκόν","οἶκος","οἶκος","namsc","n-s---ma-","NOUN","Nb","Case=Acc|Gender=Masc|Number=Sing","ATR","nmod","_","ref=PHILEM_1.2","27","27","26","29"
"0031-018","524617","31027","1","1","manual","28","28","27","1","_","2","σου","σου","σύ","σύ","rpg-s","p2s---cg-","PRON","Pp","Case=Gen|Gender=Masc|Number=Sing|Person=2|PronType=Prs","ATR","det","_","ref=PHILEM_1.2","28","28","27","27"
"0031-018","524617","31027","1","1","manual","29","29","24","1","_","2","ἐκκλησίᾳ","ἐκκλησίᾳ","ἐκκλησία","ἐκκλησία","ndfsc","n-s---fd-","NOUN","Nb","Case=Dat|Gender=Fem|Number=Sing","OBJ_CO","conj","_","ref=PHILEM_1.2","29","29","24","9"
"0031-018","524617","_","1","_","manual","30","30","0","1","_","2","·","_","_","_","_","u--------","_","_","_","AuxK","_","_","_","30","_","0","_"
"0031-018","524617","_","1","_","manual","31","31","0","1","_","2","E","_","_","_","E","z--------","_","_","_","PRED","_","_","_","31","_","0","_"
"0031-018","524618","31028","2","2","manual","1","32","3","1","_","3","χάρις","χάρις","χάρις","χάρις","nnfsc","n-s---fn-","NOUN","Nb","Case=Nom|Gender=Fem|Number=Sing","SBJ_CO","root","_","ref=PHILEM_1.3","1","1","3","0"
"0031-018","524618","31028","2","2","manual","2","33","14","1","_","3","ὑμῖν","ὑμῖν","σύ","ὑμεῖς","rpd-p","p2p---cd-","PRON","Pp","Case=Dat|Gender=Masc|Number=Plur|Person=2|PronType=Prs","OBJ","orphan","_","ref=PHILEM_1.3","2","2","14","1"
"0031-018","524618","31028","2","2","manual","3","34","14","1","_","3","καὶ","καὶ","καί","καί","cc","b--------","CCONJ","C-","_","COORD","cc","_","ref=PHILEM_1.3","3","3","14","4"
"0031-018","524618","31028","2","2","manual","4","35","3","1","_","3","εἰρήνη","εἰρήνη","εἰρήνη","εἰρήνη","nnfsc","n-s---fn-","NOUN","Nb","Case=Nom|Gender=Fem|Number=Sing","SBJ_CO","conj","_","ref=PHILEM_1.3","4","4","3","1"
"0031-018","524618","31028","2","2","manual","5","36","14","1","_","3","ἀπὸ","ἀπὸ","ἀπό","ἀπό","pg","r--------","ADP","R-","_","AuxP","case","_","ref=PHILEM_1.3","5","5","14","6"
"0031-018","524618","31028","2","2","manual","6","37","9","1","_","3","θεοῦ","θεοῦ","θεός","θεός","ngmsc","n-s---mg-","NOUN","Nb","Case=Gen|Gender=Masc|Number=Sing","ADV_CO","orphan","_","ref=PHILEM_1.3","6","6","9","1"
"0031-018","524618","31028","2","2","manual","7","38","6","1","_","3","πατρὸς","πατρὸς","πατήρ","πατήρ","ngmsc","n-s---mg-","NOUN","Nb","Case=Gen|Gender=Masc|Number=Sing","APOS","appos","_","ref=PHILEM_1.3","7","7","6","6"
"0031-018","524618","31028","2","2","manual","8","39","7","1","_","3","ἡμῶν","ἡμῶν","ἐγώ","ἡμεῖς","rpg-p","p1p---cg-","PRON","Pp","Case=Gen|Gender=Masc|Number=Plur|Person=1|PronType=Prs","ATR","det","_","ref=PHILEM_1.3","8","8","7","7"
"0031-018","524618","31028","2","2","manual","9","40","5","1","_","3","καὶ","καὶ","καί","καί","cc","b--------","CCONJ","C-","_","COORD","cc","_","ref=PHILEM_1.3","9","9","5","10"
"0031-018","524618","31028","2","2","manual","10","41","9","1","_","3","κυρίου","κυρίου","κύριος","κύριος","ngmsc","n-s---mg-","NOUN","Nb","Case=Gen|Gender=Masc|Number=Sing","ADV_CO","conj","_","ref=PHILEM_1.3","10","10","9","6"
"0031-018","524618","31028","2","2","manual","11","42","10","1","_","3","Ἰησοῦ","Ἰησοῦ","Ἰησοῦς","Ἰησοῦς","ngmsc","n-s---mg-","PROPN","Ne","Case=Gen|Gender=Masc|Number=Sing","APOS","appos","_","ref=PHILEM_1.3","11","11","10","10"
"0031-018","524618","31028","2","2","manual","12","43","11","1","_","3","Χριστοῦ","Χριστοῦ","Χριστός","Χριστός","ngmsc","n-s---mg-","PROPN","Ne","Case=Gen|Gender=Masc|Number=Sing","APOS","flat:name","_","ref=PHILEM_1.3","12","12","11","11"
"0031-018","524618","_","2","_","manual","13","44","0","1","_","3",".","_","_","_","_","u--------","_","_","_","AuxK","_","_","_","13","_","0","_"
"0031-018","524618","_","2","_","manual","14","45","0","1","_","3","E","_","_","_","E","z--------","_","_","_","PRED","_","_","_","14","_","0","_"
"0031-018","524619","31029","3","3","manual","1","46","0","1","_","4","εὐχαριστῶ","Εὐχαριστῶ","εὐχαριστέω","εὐχαριστέω","vipa1s","v1spia---","VERB","V-","Mood=Ind|Number=Sing|Person=1|Tense=Pres|VerbForm=Fin|Voice=Act","PRED","root","_","ref=PHILEM_1.4","1","1","0","0"
"0031-018","524619","31029","3","3","manual","2","47","3","1","_","4","τῷ","τῷ","ὁ","ὁ","ddms","l-s---md-","DET","S-","Case=Dat|Definite=Def|Gender=Masc,Neut|Number=Sing|PronType=Dem","ATR","det","_","ref=PHILEM_1.4","2","2","3","3"
"0031-018","524619","31029","3","3","manual","3","48","1","1","_","4","θεῷ","θεῷ","θεός","θεός","ndmsc","n-s---md-","NOUN","Nb","Case=Dat|Gender=Masc|Number=Sing","OBJ","obl:arg","_","ref=PHILEM_1.4","3","3","1","1"
"0031-018","524619","31029","3","3","manual","4","49","3","1","_","4","μου","μου","ἐγώ","ἐγώ","rpg-s","p1s---cg-","PRON","Pp","Case=Gen|Gender=Masc|Number=Sing|Person=1|PronType=Prs","ATR","det","_","ref=PHILEM_1.4","4","4","3","3"
"0031-018","524619","31029","3","3","manual","5","50","1","1","_","4","πάντοτε","πάντοτε","πάντοτε","πάντοτε","b","d--------","ADV","Df","_","ADV","advmod","_","ref=PHILEM_1.4","5","5","1","1"
"0031-018","524619","31029","3","3","manual","6","51","8","1","_","4","μνείαν","μνείαν","μνεία","μνεία","nafsc","n-s---fa-","NOUN","Nb","Case=Acc|Gender=Fem|Number=Sing","OBJ","obj","_","ref=PHILEM_1.4","6","6","8","8"
"0031-018","524619","31029","3","3","manual","7","52","6","1","_","4","σου","σου","σύ","σύ","rpg-s","p2s---cg-","PRON","Pp","Case=Gen|Gender=Masc|Number=Sing|Person=2|PronType=Prs","ATR","nmod","_","ref=PHILEM_1.4","7","7","6","6"
"0031-018","524619","31029","3","3","manual","8","53","1","1","_","4","ποιούμενος","ποιούμενος","ποιέω","ποιέω","vppmnms","v-sppmmn-","VERB","V-","Case=Nom|Gender=Masc|Number=Sing|Tense=Pres|VerbForm=Part|Voice=Mid","ADV","advcl","_","ref=PHILEM_1.4","8","8","1","1"
"0031-018","524619","31029","3","3","manual","9","54","8","1","_","4","ἐπὶ","ἐπὶ","ἐπί","ἐπί","pg","r--------","ADP","R-","_","AuxP","case","_","ref=PHILEM_1.4","9","9","8","11"
"0031-018","524619","31029","3","3","manual","10","55","11","1","_","4","τῶν","τῶν","ὁ","ὁ","dgfp","l-p---fg-","DET","S-","Case=Gen|Definite=Def|Number=Plur|PronType=Dem","ATR","det","_","ref=PHILEM_1.4","10","10","11","11"
"0031-018","524619","31029","3","3","manual","11","56","9","1","_","4","προσευχῶν","προσευχῶν","προσευχή","προσευχή","ngfpc","n-p---fg-","NOUN","Nb","Case=Gen|Gender=Fem|Number=Plur","ADV","obl","_","ref=PHILEM_1.4","11","11","9","8"
"0031-018","524619","31029","3","3","manual","12","57","11","1","_","4","μου","μου","ἐγώ","ἐγώ","rpg-s","p1s---cg-","PRON","Pp","Case=Gen|Gender=Masc|Number=Sing|Person=1|PronType=Prs","ATR","det","_","ref=PHILEM_1.4","12","12","11","11"
"0031-018","524619","_","3","_","manual","13","58","0","1","_","4",",","_","_","_","_","u--------","_","_","_","AuxX","_","_","_","13","_","0","_"
"0031-018","524619","31029","3","3","manual","14","59","1","1","_","5","ἀκούων","ἀκούων","ἀκούω","ἀκούω","vppanms","v-sppamn-","VERB","V-","Case=Nom|Gender=Masc|Number=Sing|Tense=Pres|VerbForm=Part|Voice=Act","ADV","advcl","_","ref=PHILEM_1.5","14","13","1","1"
"0031-018","524619","31029","3","3","manual","15","60","17","1","_","5","σου","σου","σύ","σύ","rpg-s","p2s---cg-","PRON","Pp","Case=Gen|Gender=Masc|Number=Sing|Person=2|PronType=Prs","ATR","det","_","ref=PHILEM_1.5","15","14","17","16"
"0031-018","524619","31029","3","3","manual","16","61","17","1","_","5","τὴν","τὴν","ὁ","ὁ","dafs","l-s---fa-","DET","S-","Case=Acc|Definite=Def|Gender=Fem|Number=Sing|PronType=Dem","ATR","det","_","ref=PHILEM_1.5","16","15","17","16"
"0031-018","524619","31029","3","3","manual","17","62","18","1","_","5","ἀγάπην","ἀγάπην","ἀγάπη","ἀγάπη","nafsc","n-s---fa-","NOUN","Nb","Case=Acc|Gender=Fem|Number=Sing","OBJ_CO","obj","_","ref=PHILEM_1.5","17","16","18","13"
"0031-018","524619","31029","3","3","manual","18","63","14","1","_","5","καὶ","καὶ","καί","καί","cc","b--------","CCONJ","C-","_","COORD","cc","_","ref=PHILEM_1.5","18","17","14","19"
"0031-018","524619","31029","3","3","manual","19","64","20","1","_","5","τὴν","τὴν","ὁ","ὁ","dafs","l-s---fa-","DET","S-","Case=Acc|Definite=Def|Gender=Fem|Number=Sing|PronType=Dem","ATR","det","_","ref=PHILEM_1.5","19","18","20","19"
"0031-018","524619","31029","3","3","manual","20","65","18","1","_","5","πίστιν","πίστιν","πίστις","πίστις","nafsc","n-s---fa-","NOUN","Nb","Case=Acc|Gender=Fem|Number=Sing","OBJ_CO","conj","_","ref=PHILEM_1.5","20","19","18","16"
"0031-018","524619","31029","3","3","manual","21","66","22","1","_","5","ἣν","ἣν","ὅς","ὅς","rdafs","p-s---fa-","PRON","Pr","Case=Acc|Gender=Fem|Number=Sing|PronType=Rel","OBJ","obj","_","ref=PHILEM_1.5","21","20","22","21"
"0031-018","524619","31029","3","3","manual","22","67","20","1","_","5","ἔχεις","ἔχεις","ἔχω","ἔχω","vipa2s","v2spia---","VERB","V-","Mood=Ind|Number=Sing|Person=2|Tense=Pres|VerbForm=Fin|Voice=Act","ATR","acl","_","ref=PHILEM_1.5","22","21","20","19"
"0031-018","524619","31029","3","3","manual","23","68","27","1","_","5","πρὸς","πρὸς","πρός","πρός","pa","r--------","ADP","R-","_","AuxP","case","_","ref=PHILEM_1.5","23","22","27","24"
"0031-018","524619","31029","3","3","manual","24","69","25","1","_","5","τὸν","τὸν","ὁ","ὁ","dams","l-s---ma-","DET","S-","Case=Acc|Definite=Def|Gender=Masc|Number=Sing|PronType=Dem","ATR","det","_","ref=PHILEM_1.5","24","23","25","24"
"0031-018","524619","31029","3","3","manual","25","70","23","1","_","5","κύριον","κύριον","κύριος","κύριος","namsc","n-s---ma-","NOUN","Nb","Case=Acc|Gender=Masc|Number=Sing","ADV_CO","obl","_","ref=PHILEM_1.5","25","24","23","21"
"0031-018","524619","31029","3","3","manual","26","71","25","1","_","5","Ἰησοῦν","Ἰησοῦν","Ἰησοῦς","Ἰησοῦς","namsc","n-s---ma-","PROPN","Ne","Case=Acc|Gender=Masc|Number=Sing","APOS","appos","_","ref=PHILEM_1.5","26","25","25","24"
"0031-018","524619","31029","3","3","manual","27","72","22","1","_","5","καὶ","καὶ","καί","καί","cc","b--------","CCONJ","C-","_","COORD","cc","_","ref=PHILEM_1.5","27","26","22","30"
"0031-018","524619","31029","3","3","manual","28","73","27","1","_","5","εἰς","εἰς","εἰς","εἰς","pa","r--------","ADP","R-","_","AuxP","case","_","ref=PHILEM_1.5","28","27","27","30"
"0031-018","524619","31029","3","3","manual","29","74","31","1","_","5","πάντας","πάντας","πᾶς","πᾶς","a-amp","a-p---ma-","DET","Px","Case=Acc|Gender=Masc|Number=Plur","ATR","det","_","ref=PHILEM_1.5","29","28","31","30"
"0031-018","524619","31029","3","3","manual","30","75","31","1","_","5","τοὺς","τοὺς","ὁ","ὁ","damp","l-p---ma-","DET","S-","Case=Acc|Definite=Def|Gender=Masc|Number=Plur|PronType=Dem","ATR","det","_","ref=PHILEM_1.5","30","29","31","30"
"0031-018","524619","31029","3","3","manual","31","76","28","1","_","5","ἁγίους","ἁγίους","ἅγιος","ἅγιος","a-amp","a-p---ma-","ADJ","A-","Case=Acc|Degree=Pos|Gender=Masc|Number=Plur","ADV_CO","conj","_","ref=PHILEM_1.5","31","30","28","24"
"0031-018","524619","_","3","_","manual","32","77","0","1","_","5",",","_","_","_","_","u--------","_","_","_","AuxX","_","_","_","32","_","0","_"
"0031-018","524619","31029","3","3","manual","33","78","1","1","_","6","ὅπως","ὅπως","ὅπως","ὅπως","cs","c--------","SCONJ","G-","_","AuxC","mark","_","ref=PHILEM_1.6","33","31","1","38"
"0031-018","524619","31029","3","3","manual","34","79","35","1","_","6","ἡ","ἡ","ὁ","ὁ","dnfs","l-s---fn-","DET","S-","Case=Nom|Definite=Def|Gender=Fem|Number=Sing|PronType=Dem","ATR","det","_","ref=PHILEM_1.6","34","32","35","33"
"0031-018","524619","31029","3","3","manual","35","80","40","1","_","6","κοινωνία","κοινωνία","κοινωνία","κοινωνία","nnfsc","n-s---fn-","NOUN","Nb","Case=Nom|Gender=Fem|Number=Sing","SBJ","nsubj","_","ref=PHILEM_1.6","35","33","40","38"
"0031-018","524619","31029","3","3","manual","36","81","37","1","_","6","τῆς","τῆς","ὁ","ὁ","dgfs","l-s---fg-","DET","S-","Case=Gen|Definite=Def|Gender=Fem|Number=Sing|PronType=Dem","ATR","det","_","ref=PHILEM_1.6","36","34","37","35"
"0031-018","524619","31029","3","3","manual","37","82","35","1","_","6","πίστεώς","πίστεώς","πίστις","πίστις","ngfsc","n-s---fg-","NOUN","Nb","Case=Gen|Gender=Fem|Number=Sing","ATR","nmod","_","ref=PHILEM_1.6","37","35","35","33"
"0031-018","524619","31029","3","3","manual","38","83","37","1","_","6","σου","σου","σύ","σύ","rpg-s","p2s---cg-","PRON","Pp","Case=Gen|Gender=Masc|Number=Sing|Person=2|PronType=Prs","ATR","det","_","ref=PHILEM_1.6","38","36","37","35"
"0031-018","524619","31029","3","3","manual","39","84","40","1","_","6","ἐνεργὴς","ἐνεργὴς","ἐνεργός","ἐνεργής","a-nfs","a-s---fn-","ADJ","A-","Case=Nom|Degree=Pos|Gender=Fem,Masc|Number=Sing","PNOM","xcomp","_","ref=PHILEM_1.6","39","37","40","38"
"0031-018","524619","31029","3","3","manual","40","85","33","1","_","6","γένηται","γένηται","γίγνομαι","γίγνομαι","vsam3s","v3sasm---","VERB","V-","Aspect=Perf|Mood=Sub|Number=Sing|Person=3|Tense=Past|VerbForm=Fin|Voice=Mid","ADV","advcl","_","ref=PHILEM_1.6","40","38","33","1"
"0031-018","524619","31029","3","3","manual","41","86","40","1","_","6","ἐν","ἐν","ἐν","ἐν","pd","r--------","ADP","R-","_","AuxP","case","_","ref=PHILEM_1.6","41","39","40","40"
"0031-018","524619","31029","3","3","manual","42","87","41","1","_","6","ἐπιγνώσει","ἐπιγνώσει","ἐπίγνωσις","ἐπίγνωσις","ndfsc","n-s---fd-","NOUN","Nb","Case=Dat|Gender=Fem|Number=Sing","ADV","obl","_","ref=PHILEM_1.6","42","40","41","38"
"0031-018","524619","31029","3","3","manual","43","88","44","1","_","6","παντὸς","παντὸς","πᾶς","πᾶς","a-gns","a-s---ng-","DET","Px","Case=Gen|Gender=Masc,Neut|Number=Sing","ATR","det","_","ref=PHILEM_1.6","43","41","44","42"
"0031-018","524619","31029","3","3","manual","44","89","42","1","_","6","ἀγαθοῦ","ἀγαθοῦ","ἀγαθός","ἀγαθός","a-gns","a-s---ng-","ADJ","A-","Case=Gen|Degree=Pos|Gender=Neut|Number=Sing","ATR","nmod","_","ref=PHILEM_1.6","44","42","42","40"
"0031-018","524619","31029","3","3","manual","45","90","46","1","_","6","τοῦ","τοῦ","ὁ","ὁ","dgns","l-s---ng-","DET","S-","Case=Gen|Definite=Def|Gender=Masc,Neut|Number=Sing|PronType=Dem","ATR","det","_","ref=PHILEM_1.6","45","43","46","45"
"0031-018","524619","31029","3","3","manual","46","91","44","1","_","6","ἐν","ἐν","ἐν","ἐν","pd","r--------","ADP","R-","_","AuxP","case","_","ref=PHILEM_1.6","46","44","44","45"
"0031-018","524619","31029","3","3","manual","47","92","46","1","_","6","ἡμῖν","ἡμῖν","ἐγώ","ἡμεῖς","rpd-p","p1p---cd-","PRON","Pp","Case=Dat|Gender=Masc|Number=Plur|Person=1|PronType=Prs","ATR","nmod","_","ref=PHILEM_1.6","47","45","46","42"
"0031-018","524619","31029","3","3","manual","48","93","44","1","_","6","εἰς","εἰς","εἰς","εἰς","pa","r--------","ADP","R-","_","AuxP","case","_","ref=PHILEM_1.6","48","46","44","47"
"0031-018","524619","31029","3","3","manual","49","94","48","1","_","6","Χριστόν","Χριστόν","Χριστός","Χριστός","namsc","n-s---ma-","PROPN","Ne","Case=Acc|Gender=Masc|Number=Sing","ATR","nmod","_","ref=PHILEM_1.6","49","47","48","42"
"0031-018","524619","_","3","_","manual","50","95","0","1","_","6","·","_","_","_","_","u--------","_","_","_","AuxK","_","_","_","50","_","0","_"
"0031-018","524620","31030","4","4","manual","1","96","5","1","_","7","χαρὰν","χαρὰν","χαρά","χαρά","nafsc","n-s---fa-","NOUN","Nb","Case=Acc|Gender=Fem|Number=Sing","OBJ_CO","obj","_","ref=PHILEM_1.7","1","1","5","4"
"0031-018","524620","31030","4","4","manual","2","97","4","1","_","7","γὰρ","γὰρ","γάρ","γάρ","c","g--------","ADV","Df","_","AuxY","discourse","_","ref=PHILEM_1.7","2","2","4","4"
"0031-018","524620","31030","4","4","manual","3","98","5","1","_","7","πολλὴν","πολλὴν","πολύς","πολύς","a-afs","a-s---fa-","ADJ","A-","Case=Acc|Degree=Pos|Gender=Fem|Number=Sing","ATR","amod","_","ref=PHILEM_1.7","3","3","5","1"
"0031-018","524620","31030","4","4","manual","4","99","0","1","_","7","ἔσχον","ἔσχον","ἔχω","ἔχω","viaa1s","v1saia---","VERB","V-","Aspect=Perf|Mood=Ind|Number=Sing|Person=1|Tense=Past|VerbForm=Fin|Voice=Act","PRED","root","_","ref=PHILEM_1.7","4","4","0","0"
"0031-018","524620","31030","4","4","manual","5","100","4","1","_","7","καὶ","καὶ","καί","καί","cc","b--------","CCONJ","C-","_","COORD","cc","_","ref=PHILEM_1.7","5","5","4","6"
"0031-018","524620","31030","4","4","manual","6","101","5","1","_","7","παράκλησιν","παράκλησιν","παράκλησις","παράκλησις","nafsc","n-s---fa-","NOUN","Nb","Case=Acc|Gender=Fem|Number=Sing","OBJ_CO","conj","_","ref=PHILEM_1.7","6","6","5","1"
"0031-018","524620","31030","4","4","manual","7","102","4","1","_","7","ἐπὶ","ἐπὶ","ἐπί","ἐπί","pd","r--------","ADP","R-","_","AuxP","case","_","ref=PHILEM_1.7","7","7","4","9"
"0031-018","524620","31030","4","4","manual","8","103","9","1","_","7","τῇ","τῇ","ὁ","ὁ","ddfs","l-s---fd-","DET","S-","Case=Dat|Definite=Def|Gender=Fem|Number=Sing|PronType=Dem","ATR","det","_","ref=PHILEM_1.7","8","8","9","9"
"0031-018","524620","31030","4","4","manual","9","104","7","1","_","7","ἀγάπῃ","ἀγάπῃ","ἀγάπη","ἀγάπη","ndfsc","n-s---fd-","NOUN","Nb","Case=Dat|Gender=Fem|Number=Sing","ADV","obl","_","ref=PHILEM_1.7","9","9","7","4"
"0031-018","524620","31030","4","4","manual","10","105","9","1","_","7","σου","σου","σύ","σύ","rpg-s","p2s---cg-","PRON","Pp","Case=Gen|Gender=Masc|Number=Sing|Person=2|PronType=Prs","ATR","det","_","ref=PHILEM_1.7","10","10","9","9"
"0031-018","524620","_","4","_","manual","11","106","0","1","_","7",",","_","_","_","_","u--------","_","_","_","AuxX","_","_","_","11","_","0","_"
"0031-018","524620","31030","4","4","manual","12","107","4","1","_","7","ὅτι","ὅτι","ὅτι","ὅτι","cs","c--------","SCONJ","G-","_","AuxC","mark","_","ref=PHILEM_1.7","12","11","4","16"
"0031-018","524620","31030","4","4","manual","13","108","14","1","_","7","τὰ","τὰ","ὁ","ὁ","danp","l-p---na-","DET","S-","Case=Acc|Definite=Def|Gender=Neut|Number=Plur|PronType=Dem","ATR","det","_","ref=PHILEM_1.7","13","12","14","13"
"0031-018","524620","31030","4","4","manual","14","109","17","1","_","7","σπλάγχνα","σπλάγχνα","σπλάγχνον","σπλάγχνον","nnnpc","n-p---nn-","NOUN","Nb","Case=Nom|Gender=Neut|Number=Plur","SBJ","nsubj:pass","_","ref=PHILEM_1.7","14","13","17","16"
"0031-018","524620","31030","4","4","manual","15","110","16","1","_","7","τῶν","τῶν","ὁ","ὁ","dgmp","l-p---mg-","DET","S-","Case=Gen|Definite=Def|Number=Plur|PronType=Dem","ATR","det","_","ref=PHILEM_1.7","15","14","16","15"
"0031-018","524620","31030","4","4","manual","16","111","14","1","_","7","ἁγίων","ἁγίων","ἅγιος","ἅγιος","a-gmp","a-p---mg-","ADJ","A-","Case=Gen|Degree=Pos|Gender=Masc|Number=Plur","ATR","nmod","_","ref=PHILEM_1.7","16","15","14","13"
"0031-018","524620","31030","4","4","manual","17","112","12","1","_","7","ἀναπέπαυται","ἀναπέπαυται","ἀναπαύω","ἀναπαύω","vixm3s","v3srim---","VERB","V-","Aspect=Perf|Mood=Ind|Number=Sing|Person=3|Tense=Past|VerbForm=Fin|Voice=Pass","ADV","advcl","_","ref=PHILEM_1.7","17","16","12","4"
"0031-018","524620","31030","4","4","manual","18","113","17","1","_","7","διὰ","διὰ","διά","διά","pg","r--------","ADP","R-","_","AuxP","case","_","ref=PHILEM_1.7","18","17","17","18"
"0031-018","524620","31030","4","4","manual","19","114","18","1","_","7","σοῦ","σοῦ","σύ","σύ","rpg-s","p2s---cg-","PRON","Pp","Case=Gen|Gender=Masc|Number=Sing|Person=2|PronType=Prs","ADV","obl","_","ref=PHILEM_1.7","19","18","18","16"
"0031-018","524620","_","4","_","manual","20","115","0","1","_","7",",","_","_","_","_","u--------","_","_","_","AuxX","_","_","_","20","_","0","_"
"0031-018","524620","31030","4","4","manual","21","116","4","1","_","7","ἀδελφέ","ἀδελφέ","ἀδελφός","ἀδελφός","nvmsc","n-s---mv-","NOUN","Nb","Case=Voc|Gender=Masc|Number=Sing","ExD","vocative","_","ref=PHILEM_1.7","21","19","4","4"
"0031-018","524620","_","4","_","manual","22","117","0","1","_","7",".","_","_","_","_","u--------","_","_","_","AuxK","_","_","_","22","_","0","_"
"0031-018","524621","31031","5","5","manual","1","118","17","1","_","8","διό","Διό","διό","διό","b","d--------","ADV","Df","_","ADV","advmod","_","ref=PHILEM_1.8","1","1","17","15"
"0031-018","524621","_","5","_","manual","2","119","0","1","_","8",",","_","_","_","_","u--------","_","_","_","AuxX","_","_","_","2","_","0","_"
"0031-018","524621","31031","5","5","manual","3","120","6","1","_","8","πολλὴν","πολλὴν","πολύς","πολύς","a-afs","a-s---fa-","ADJ","A-","Case=Acc|Degree=Pos|Gender=Fem|Number=Sing","ATR","amod","_","ref=PHILEM_1.8","3","2","6","5"
"0031-018","524621","31031","5","5","manual","4","121","7","1","_","8","ἐν","ἐν","ἐν","ἐν","pd","r--------","ADP","R-","_","AuxP","case","_","ref=PHILEM_1.8","4","3","7","4"
"0031-018","524621","31031","5","5","manual","5","122","4","1","_","8","Χριστῷ","Χριστῷ","Χριστός","Χριστός","ndmsc","n-s---md-","PROPN","Ne","Case=Dat|Gender=Masc|Number=Sing","ADV","obl","_","ref=PHILEM_1.8","5","4","4","6"
"0031-018","524621","31031","5","5","manual","6","123","7","1","_","8","παρρησίαν","παρρησίαν","παρρησία","παρρησία","nafsc","n-s---fa-","NOUN","Nb","Case=Acc|Gender=Fem|Number=Sing","OBJ","obj","_","ref=PHILEM_1.8","6","5","7","6"
"0031-018","524621","31031","5","5","manual","7","124","17","1","_","8","ἔχων","ἔχων","ἔχω","ἔχω","vppanms","v-sppamn-","VERB","V-","Case=Nom|Gender=Masc|Number=Sing|Tense=Pres|VerbForm=Part|Voice=Act","ADV","advcl","_","ref=PHILEM_1.8","7","6","17","15"
"0031-018","524621","31031","5","5","manual","8","125","6","1","_","8","ἐπιτάσσειν","ἐπιτάσσειν","ἐπιτάσσω","ἐπιτάσσω","vnpa","v--pna---","VERB","V-","Tense=Pres|VerbForm=Inf|Voice=Act","ATR","acl","_","ref=PHILEM_1.8","8","7","6","5"
"0031-018","524621","31031","5","5","manual","9","126","8","1","_","8","σοι","σοι","σύ","σύ","rpd-s","p2s---cd-","PRON","Pp","Case=Dat|Gender=Masc|Number=Sing|Person=2|PronType=Prs","OBJ","obl:arg","_","ref=PHILEM_1.8","9","8","8","7"
"0031-018","524621","31031","5","5","manual","10","127","11","1","_","8","τὸ","τὸ","ὁ","ὁ","dans","l-s---na-","DET","S-","Case=Acc|Definite=Def|Gender=Neut|Number=Sing|PronType=Dem","ATR","det","_","ref=PHILEM_1.8","10","9","11","10"
"0031-018","524621","31031","5","5","manual","11","128","8","1","_","8","ἀνῆκον","ἀνῆκον","ἀνήκω","ἀνήκω","vppaans","v-sppana-","VERB","V-","Case=Acc|Gender=Neut|Number=Sing|Tense=Pres|VerbForm=Part|Voice=Act","OBJ","obj","_","ref=PHILEM_1.8","11","10","8","7"
"0031-018","524621","_","5","_","manual","12","129","0","1","_","8",",","_","_","_","_","u--------","_","_","_","AuxX","_","_","_","12","_","0","_"
"0031-018","524621","31031","5","5","manual","13","130","17","1","_","9","διὰ","διὰ","διά","διά","pa","r--------","ADP","R-","_","AuxP","case","_","ref=PHILEM_1.9","13","11","17","13"
"0031-018","524621","31031","5","5","manual","14","131","15","1","_","9","τὴν","τὴν","ὁ","ὁ","dafs","l-s---fa-","DET","S-","Case=Acc|Definite=Def|Gender=Fem|Number=Sing|PronType=Dem","ATR","det","_","ref=PHILEM_1.9","14","12","15","13"
"0031-018","524621","31031","5","5","manual","15","132","13","1","_","9","ἀγάπην","ἀγάπην","ἀγάπη","ἀγάπη","nafsc","n-s---fa-","NOUN","Nb","Case=Acc|Gender=Fem|Number=Sing","ADV","obl","_","ref=PHILEM_1.9","15","13","13","15"
"0031-018","524621","31031","5","5","manual","16","133","17","1","_","9","μᾶλλον","μᾶλλον","μάλα","μᾶλλον","b","d-------c","ADV","Df","Degree=Cmp","ADV","advmod","_","ref=PHILEM_1.9","16","14","17","15"
"0031-018","524621","31031","5","5","manual","17","134","31","1","_","9","παρακαλῶ","παρακαλῶ","παρακαλέω","παρακαλέω","vipa1s","v1spia---","VERB","V-","Mood=Ind|Number=Sing|Person=1|Tense=Pres|VerbForm=Fin|Voice=Act","PRED_CO","root","_","ref=PHILEM_1.9","17","15","31","0"
"0031-018","524621","_","5","_","manual","18","135","0","1","_","9",",","_","_","_","_","u--------","_","_","_","AuxX","_","_","_","18","_","0","_"
"0031-018","524621","31031","5","5","manual","19","136","20","1","_","9","τοιοῦτος","τοιοῦτος","τοιοῦτος","τοιοῦτος","rdnms","p-s---mn-","PRON","Pd","Case=Nom|Gender=Masc|Number=Sing","PNOM","advcl","_","ref=PHILEM_1.9","19","16","20","15"
"0031-018","524621","31031","5","5","manual","20","137","17","1","_","9","ὢν","ὢν","εἰμί","εἰμί","vppanms","v-sppamn-","AUX","V-","Case=Nom|Gender=Masc|Number=Sing|Tense=Pres|VerbForm=Part|Voice=Act","ADV","cop","_","ref=PHILEM_1.9|LId=1","20","17","17","16"
"0031-018","524621","31031","5","5","manual","21","138","19","1","_","9","ὡς","ὡς","ὡς","ὡς","b","d--------","ADV","Df","_","ATR","mark","_","ref=PHILEM_1.9","21","18","19","19"
"0031-018","524621","31031","5","5","manual","22","139","21","1","_","9","Παῦλος","Παῦλος","Παῦλος","Παῦλος","nnmsc","n-s---mn-","NOUN","Nb","Case=Nom|Gender=Masc|Number=Sing","SBJ","advcl:cmp","_","ref=PHILEM_1.9","22","19","21","16"
"0031-018","524621","31031","5","5","manual","23","140","26","1","_","9","πρεσβύτης","πρεσβύτης","πρεσβύτης","πρεσβύτης","nnmsc","n-s---mn-","NOUN","Nb","Case=Nom|Gender=Masc|Number=Sing","APOS_CO","appos","_","ref=PHILEM_1.9","23","20","26","19"
"0031-018","524621","_","5","_","manual","24","141","0","1","_","9",",","_","_","_","_","u--------","_","_","_","AuxX","_","_","_","24","_","0","_"
"0031-018","524621","31031","5","5","manual","25","142","28","1","_","9","νυνὶ","νυνὶ","νυνί","νυνί","b","d--------","ADV","Df","_","ATR","amod","_","ref=PHILEM_1.9","25","21","28","24"
"0031-018","524621","31031","5","5","manual","26","143","22","1","_","9","δὲ","δὲ","δέ","δέ","cc","b--------","ADV","Df","_","COORD","discourse","_","ref=PHILEM_1.9","26","22","22","24"
"0031-018","524621","31031","5","5","manual","27","144","28","1","_","9","καὶ","καὶ","καί","καί","b","d--------","ADV","Df","_","AuxZ","advmod","_","ref=PHILEM_1.9|LId=1","27","23","28","24"
"0031-018","524621","31031","5","5","manual","28","145","26","1","_","9","δέσμιος","δέσμιος","δέσμιος","δέσμιος","a-nms","a-s---mn-","NOUN","Nb","Case=Nom|Gender=Masc|Number=Sing","APOS_CO","conj","_","ref=PHILEM_1.9","28","24","26","20"
"0031-018","524621","31031","5","5","manual","29","146","28","1","_","9","Χριστοῦ","Χριστοῦ","Χριστός","Χριστός","ngmsc","n-s---mg-","PROPN","Ne","Case=Gen|Gender=Masc|Number=Sing","ATR","nmod","_","ref=PHILEM_1.9","29","25","28","24"
"0031-018","524621","31031","5","5","manual","30","147","29","1","_","9","Ἰησοῦ","Ἰησοῦ","Ἰησοῦς","Ἰησοῦς","ngmsc","n-s---mg-","PROPN","Ne","Case=Gen|Gender=Masc|Number=Sing","APOS","flat:name","_","ref=PHILEM_1.9","30","26","29","25"
"0031-018","524621","_","5","_","manual","31","148","0","1","_","9",",","_","_","_","_","u--------","_","_","_","COORD","_","_","_","31","_","0","_"
"0031-018","524621","64181","5","6","manual","32","149","31","1","_","10","παρακαλῶ","παρακαλῶ","παρακαλέω","παρακαλέω","vipa1s","v1spia---","VERB","V-","Mood=Ind|Number=Sing|Person=1|Tense=Pres|VerbForm=Fin|Voice=Act","PRED_CO","root","_","ref=PHILEM_1.10","32","1","31","0"
"0031-018","524621","64181","5","6","manual","33","150","32","1","_","10","σε","σε","σύ","σύ","rpa-s","p2s---ca-","PRON","Pp","Case=Acc|Gender=Masc|Number=Sing|Person=2|PronType=Prs","OBJ","obj","_","ref=PHILEM_1.10","33","2","32","1"
"0031-018","524621","64181","5","6","manual","34","151","32","1","_","10","περὶ","περὶ","περί","περί","pg","r--------","ADP","R-","_","AuxP","case","_","ref=PHILEM_1.10","34","3","32","6"
"0031-018","524621","64181","5","6","manual","35","152","37","1","_","10","τοῦ","τοῦ","ὁ","ὁ","dgns","l-s---ng-","DET","S-","Case=Gen|Definite=Def|Gender=Masc,Neut|Number=Sing|PronType=Dem","ATR","det","_","ref=PHILEM_1.10","35","4","37","6"
"0031-018","524621","64181","5","6","manual","36","153","37","1","_","10","ἐμοῦ","ἐμοῦ","ἐμός","ἐμός","a-gns","a-s---ng-","DET","Ps","Case=Gen|Gender=Masc,Neut|Number=Sing|Person=1|Poss=Yes","ATR","det","_","ref=PHILEM_1.10","36","5","37","6"
"0031-018","524621","64181","5","6","manual","37","154","34","1","_","10","τέκνου","τέκνου","τέκνον","τέκνον","ngnsc","n-s---ng-","NOUN","Nb","Case=Gen|Gender=Neut|Number=Sing","ADV","obl","_","ref=PHILEM_1.10","37","6","34","1"
"0031-018","524621","_","5","_","manual","38","155","0","1","_","10",",","_","_","_","_","u--------","_","_","_","AuxX","_","_","_","38","_","0","_"
"0031-018","524621","64181","5","6","manual","39","156","40","1","_","10","ὃν","ὃν","ὅς","ὅς","rdams","p-s---ma-","PRON","Pr","Case=Acc|Gender=Masc|Number=Sing|PronType=Rel","OBJ","obj","_","ref=PHILEM_1.10","39","7","40","8"
"0031-018","524621","64181","5","6","manual","40","157","37","1","_","10","ἐγέννησα","ἐγέννησα","γεννάω","γεννάω","viaa1s","v1saia---","VERB","V-","Aspect=Perf|Mood=Ind|Number=Sing|Person=1|Tense=Past|VerbForm=Fin|Voice=Act","ATR","acl","_","ref=PHILEM_1.10","40","8","37","6"
"0031-018","524621","64181","5","6","manual","41","158","40","1","_","10","ἐν","ἐν","ἐν","ἐν","pd","r--------","ADP","R-","_","AuxP","case","_","ref=PHILEM_1.10","41","9","40","11"
"0031-018","524621","64181","5","6","manual","42","159","43","1","_","10","τοῖς","τοῖς","ὁ","ὁ","ddmp","l-p---md-","DET","S-","Case=Dat|Definite=Def|Gender=Masc,Neut|Number=Plur|PronType=Dem","ATR","det","_","ref=PHILEM_1.10","42","10","43","11"
"0031-018","524621","64181","5","6","manual","43","160","41","1","_","10","δεσμοῖς","δεσμοῖς","δεσμός","δεσμός","ndmpc","n-p---md-","NOUN","Nb","Case=Dat|Gender=Masc|Number=Plur","ADV","obl","_","ref=PHILEM_1.10","43","11","41","8"
"0031-018","524621","_","5","_","manual","44","161","0","1","_","10",",","_","_","_","_","u--------","_","_","_","AuxX","_","_","_","44","_","0","_"
"0031-018","524621","64181","5","6","manual","45","162","39","1","_","10","Ὀνήσιμον","Ὀνήσιμον","Ὀνήσιμος","Ὀνήσιμος","namsc","n-s---ma-","NOUN","Nb","Case=Acc|Gender=Masc|Number=Sing","APOS","appos","_","ref=PHILEM_1.10","45","12","39","7"
"0031-018","524621","_","5","_","manual","46","163","0","1","_","10",",","_","_","_","_","u--------","_","_","_","AuxX","_","_","_","46","_","0","_"
"0031-018","524621","64181","5","6","manual","47","164","50","1","_","11","τόν","τόν","ὁ","ὁ","dams","l-s---ma-","DET","S-","Case=Acc|Definite=Def|Gender=Masc|Number=Sing|PronType=Dem","ATR","det","_","ref=PHILEM_1.11","47","13","50","16"
"0031-018","524621","64181","5","6","manual","48","165","50","1","_","11","ποτέ","ποτέ","ποτέ","ποτε","b","d--------","ADV","Df","_","ADV","advmod","_","ref=PHILEM_1.11","48","14","50","16"
"0031-018","524621","64181","5","6","manual","49","166","50","1","_","11","σοι","σοι","σύ","σύ","rpd-s","p2s---cd-","PRON","Pp","Case=Dat|Gender=Masc|Number=Sing|Person=2|PronType=Prs","OBJ","obl","_","ref=PHILEM_1.11","49","15","50","16"
"0031-018","524621","64181","5","6","manual","50","167","52","1","_","11","ἄχρηστον","ἄχρηστον","ἄχρηστος","ἄχρηστος","a-ams","a-s---ma-","ADJ","A-","Case=Acc|Degree=Pos|Number=Sing","ATR_CO","nmod","_","ref=PHILEM_1.11","50","16","52","12"
"0031-018","524621","64181","5","6","manual","51","168","57","1","_","11","νυνὶ","νυνὶ","νυνί","νυνί","b","d--------","ADV","Df","_","ADV","advmod","_","ref=PHILEM_1.11","51","17","57","23"
"0031-018","524621","64181","5","6","manual","52","169","45","1","_","11","δὲ","δὲ","δέ","δέ","cc","b--------","ADV","Df","_","COORD","discourse","_","ref=PHILEM_1.11","52","18","45","23"
"0031-018","524621","64181","5","6","manual","53","170","55","1","_","11","καὶ","καὶ","καί","καί","cc","b--------","CCONJ","C-","_","AuxY","cc","_","ref=PHILEM_1.11","53","19","55","20"
"0031-018","524621","64181","5","6","manual","54","171","55","1","_","11","σοὶ","σοὶ","σύ","σύ","rpd-s","p2s---cd-","PRON","Pp","Case=Dat|Gender=Masc|Number=Sing|Person=2|PronType=Prs","OBJ_CO","obl","_","ref=PHILEM_1.11","54","20","55","23"
"0031-018","524621","64181","5","6","manual","55","172","57","1","_","11","καὶ","καὶ","καί","καί","cc","b--------","CCONJ","C-","_","COORD","cc","_","ref=PHILEM_1.11","55","21","57","22"
"0031-018","524621","64181","5","6","manual","56","173","55","1","_","11","ἐμοὶ","ἐμοὶ","ἐγώ","ἐγώ","rpd-s","p1s---cd-","PRON","Pp","Case=Dat|Gender=Masc|Number=Sing|Person=1|PronType=Prs","OBJ_CO","conj","_","ref=PHILEM_1.11","56","22","55","20"
"0031-018","524621","64181","5","6","manual","57","174","52","1","_","11","εὔχρηστον","εὔχρηστον","εὔχρηστος","εὔχρηστος","a-ams","a-s---ma-","ADJ","A-","Case=Acc|Degree=Pos|Number=Sing","ATR_CO","conj","_","ref=PHILEM_1.11","57","23","52","16"
"0031-018","524621","_","5","_","manual","58","175","0","1","_","11",",","_","_","_","_","u--------","_","_","_","AuxX","_","_","_","58","_","0","_"
"0031-018","524621","64181","5","6","manual","59","176","60","1","_","11","ὃν","ὃν","ὅς","ὅς","rdams","p-s---ma-","PRON","Pr","Case=Acc|Gender=Masc|Number=Sing|PronType=Rel","OBJ","obj","_","ref=PHILEM_1.11","59","24","60","25"
"0031-018","524621","64181","5","6","manual","60","177","45","1","_","11","ἀνέπεμψά","ἀνέπεμψά","ἀναπέμπω","ἀναπέμπω","viaa1s","v1saia---","VERB","V-","Aspect=Perf|Mood=Ind|Number=Sing|Person=1|Tense=Past|VerbForm=Fin|Voice=Act","APOS","acl","_","ref=PHILEM_1.11","60","25","45","12"
"0031-018","524621","64181","5","6","manual","61","178","60","1","_","11","σοι","σοι","σύ","σύ","rpd-s","p2s---cd-","PRON","Pp","Case=Dat|Gender=Masc|Number=Sing|Person=2|PronType=Prs","OBJ","obl:arg","_","ref=PHILEM_1.11","61","26","60","25"
"0031-018","524621","_","5","_","manual","62","179","0","1","_","11",",","_","_","_","_","u--------","_","_","_","AuxX","_","_","_","62","_","0","_"
"0031-018","524621","64181","5","6","manual","63","180","59","1","_","12","αὐτόν","αὐτόν","αὐτός","αὐτός","rdams","p-s---ma-","PRON","Pp","Case=Acc|Gender=Masc|Number=Sing|Person=3|PronType=Prs","APOS","appos","_","ref=PHILEM_1.12","63","27","59","24"
"0031-018","524621","_","5","_","manual","64","181","0","1","_","12",",","_","_","_","_","u--------","_","_","_","AuxX","_","_","_","64","_","0","_"
"0031-018","524621","64181","5","6","manual","65","182","66","1","_","12","τοῦτ’","τοῦτ’","οὗτος","οὗτος","rdnns","p-s---nn-","PRON","Pd","Case=Nom|Gender=Neut|Number=Sing","SBJ","nsubj","_","ref=PHILEM_1.12","65","28","66","29"
"0031-018","524621","64181","5","6","manual","66","183","0","1","_","12","ἔστιν","ἔστιν","εἰμί","εἰμί","vipa3s","v3spia---","AUX","V-","Mood=Ind|Number=Sing|Person=3|Tense=Pres|VerbForm=Fin|Voice=Act","ExD","parataxis","_","ref=PHILEM_1.12|LId=1","66","29","0","1"
"0031-018","524621","64181","5","6","manual","67","184","69","1","_","12","τὰ","τὰ","ὁ","ὁ","danp","l-p---na-","DET","S-","Case=Acc|Definite=Def|Gender=Neut|Number=Plur|PronType=Dem","ATR","det","_","ref=PHILEM_1.12","67","30","69","32"
"0031-018","524621","64181","5","6","manual","68","185","69","1","_","12","ἐμὰ","ἐμὰ","ἐμός","ἐμός","a-anp","a-p---na-","DET","Ps","Case=Acc|Gender=Neut|Number=Plur|Person=1|Poss=Yes","ATR","det","_","ref=PHILEM_1.12","68","31","69","32"
"0031-018","524621","64181","5","6","manual","69","186","63","1","_","12","σπλάγχνα","σπλάγχνα","σπλάγχνον","σπλάγχνον","nanpc","n-p---na-","NOUN","Nb","Case=Acc|Gender=Neut|Number=Plur","APOS","appos","_","ref=PHILEM_1.12","69","32","63","27"
"0031-018","524621","_","5","_","manual","70","187","0","1","_","12",".","_","_","_","_","u--------","_","_","_","AuxK","_","_","_","70","_","0","_"
"0031-018","524622","31032","6","7","manual","1","188","6","1","_","13","ὃν","ὃν","ὅς","ὅς","rdams","p-s---ma-","PRON","Pr","Case=Acc|Gender=Masc|Number=Sing|PronType=Rel","OBJ","obj","_","ref=PHILEM_1.13","1","1","6","6"
"0031-018","524622","31032","6","7","manual","2","189","3","1","_","13","ἐγὼ","ἐγὼ","ἐγώ","ἐγώ","rpn-s","p1s---cn-","PRON","Pp","Case=Nom|Gender=Masc|Number=Sing|Person=1|PronType=Prs","SBJ","nsubj","_","ref=PHILEM_1.13","2","2","3","3"
"0031-018","524622","31032","6","7","manual","3","190","20","1","_","13","ἐβουλόμην","ἐβουλόμην","βούλομαι","βούλομαι","viim1s","v1siim---","VERB","V-","Aspect=Imp|Mood=Ind|Number=Sing|Person=1|Tense=Past|VerbForm=Fin|Voice=Mid","PRED_CO","root","_","ref=PHILEM_1.13","3","3","20","0"
"0031-018","524622","31032","6","7","manual","4","191","6","1","_","13","πρὸς","πρὸς","πρός","πρός","pa","r--------","ADP","R-","_","AuxP","case","_","ref=PHILEM_1.13","4","4","6","5"
"0031-018","524622","31032","6","7","manual","5","192","4","1","_","13","ἐμαυτὸν","ἐμαυτὸν","ἐμαυτοῦ","ἐμαυτοῦ","r-ams","p1s---ma-","PRON","Pk","Case=Acc|Gender=Masc|Number=Sing|Person=1|PronType=Prs|Reflex=Yes","ADV","obl","_","ref=PHILEM_1.13","5","5","4","6"
"0031-018","524622","31032","6","7","manual","6","193","3","1","_","13","κατέχειν","κατέχειν","κατέχω","κατέχω","vnpa","v--pna---","VERB","V-","Tense=Pres|VerbForm=Inf|Voice=Act","OBJ","xcomp","_","ref=PHILEM_1.13","6","6","3","3"
"0031-018","524622","_","6","_","manual","7","194","0","1","_","13",",","_","_","_","_","u--------","_","_","_","AuxX","_","_","_","7","_","0","_"
"0031-018","524622","31032","6","7","manual","8","195","6","1","_","13","ἵνα","ἵνα","ἵνα","ἵνα","cs","c--------","SCONJ","G-","_","AuxC","mark","_","ref=PHILEM_1.13","8","7","6","11"
"0031-018","524622","31032","6","7","manual","9","196","12","1","_","13","ὑπὲρ","ὑπὲρ","ὑπέρ","ὑπέρ","pg","r--------","ADP","R-","_","AuxP","case","_","ref=PHILEM_1.13","9","8","12","9"
"0031-018","524622","31032","6","7","manual","10","197","9","1","_","13","σοῦ","σοῦ","σύ","σύ","rpg-s","p2s---cg-","PRON","Pp","Case=Gen|Gender=Masc|Number=Sing|Person=2|PronType=Prs","ADV","obl","_","ref=PHILEM_1.13","10","9","9","11"
"0031-018","524622","31032","6","7","manual","11","198","12","1","_","13","μοι","μοι","ἐγώ","ἐγώ","rpd-s","p1s---cd-","PRON","Pp","Case=Dat|Gender=Masc|Number=Sing|Person=1|PronType=Prs","OBJ","obl:arg","_","ref=PHILEM_1.13","11","10","12","11"
"0031-018","524622","31032","6","7","manual","12","199","8","1","_","13","διακονῇ","διακονῇ","διακονέω","διακονέω","vspa3s","v3spsa---","VERB","V-","Mood=Sub|Number=Sing|Person=3|Tense=Pres|VerbForm=Fin|Voice=Act","ADV","advcl","_","ref=PHILEM_1.13","12","11","8","6"
"0031-018","524622","31032","6","7","manual","13","200","12","1","_","13","ἐν","ἐν","ἐν","ἐν","pd","r--------","ADP","R-","_","AuxP","case","_","ref=PHILEM_1.13","13","12","12","14"
"0031-018","524622","31032","6","7","manual","14","201","15","1","_","13","τοῖς","τοῖς","ὁ","ὁ","ddmp","l-p---md-","DET","S-","Case=Dat|Definite=Def|Gender=Masc,Neut|Number=Plur|PronType=Dem","ATR","det","_","ref=PHILEM_1.13","14","13","15","14"
"0031-018","524622","31032","6","7","manual","15","202","13","1","_","13","δεσμοῖς","δεσμοῖς","δεσμός","δεσμός","ndmpc","n-p---md-","NOUN","Nb","Case=Dat|Gender=Masc|Number=Plur","ADV","obl","_","ref=PHILEM_1.13","15","14","13","11"
"0031-018","524622","31032","6","7","manual","16","203","17","1","_","13","τοῦ","τοῦ","ὁ","ὁ","dgns","l-s---ng-","DET","S-","Case=Gen|Definite=Def|Gender=Masc,Neut|Number=Sing|PronType=Dem","ATR","det","_","ref=PHILEM_1.13","16","15","17","16"
"0031-018","524622","31032","6","7","manual","17","204","15","1","_","13","εὐαγγελίου","εὐαγγελίου","εὐαγγέλιον","εὐαγγέλιον","ngnsc","n-s---ng-","NOUN","Nb","Case=Gen|Gender=Neut|Number=Sing","ATR","nmod","_","ref=PHILEM_1.13","17","16","15","14"
"0031-018","524622","_","6","_","manual","18","205","0","1","_","13",",","_","_","_","_","u--------","_","_","_","AuxX","_","_","_","18","_","0","_"
"0031-018","524622","64182","6","8","manual","19","206","26","1","_","14","χωρὶς","χωρὶς","χωρίς","χωρίς","pg","r--------","ADP","R-","_","AuxP","case","_","ref=PHILEM_1.14","19","1","26","5"
"0031-018","524622","64182","6","8","manual","20","207","0","1","_","14","δὲ","δὲ","δέ","δέ","cc","b--------","ADV","Df","_","COORD","discourse","_","ref=PHILEM_1.14","20","2","0","7"
"0031-018","524622","64182","6","8","manual","21","208","23","1","_","14","τῆς","τῆς","ὁ","ὁ","dgfs","l-s---fg-","DET","S-","Case=Gen|Definite=Def|Gender=Fem|Number=Sing|PronType=Dem","ATR","det","_","ref=PHILEM_1.14","21","3","23","5"
"0031-018","524622","64182","6","8","manual","22","209","23","1","_","14","σῆς","σῆς","σός","σός","a-gfs","a-s---fg-","DET","Ps","Case=Gen|Gender=Fem|Number=Sing|Person=2|Poss=Yes","ATR","det","_","ref=PHILEM_1.14","22","4","23","5"
"0031-018","524622","64182","6","8","manual","23","210","19","1","_","14","γνώμης","γνώμης","γνώμη","γνώμη","ngfsc","n-s---fg-","NOUN","Nb","Case=Gen|Gender=Fem|Number=Sing","ADV","obl","_","ref=PHILEM_1.14","23","5","19","8"
"0031-018","524622","64182","6","8","manual","24","211","26","1","_","14","οὐδὲν","οὐδὲν","οὐδείς","οὐδείς","rdans","p-s---na-","PRON","Px","Case=Acc|Gender=Neut|Number=Sing","OBJ","obj","_","ref=PHILEM_1.14","24","6","26","8"
"0031-018","524622","64182","6","8","manual","25","212","20","1","_","14","ἠθέλησα","ἠθέλησα","ἐθέλω","ἐθέλω","viaa1s","v1saia---","VERB","V-","Aspect=Perf|Mood=Ind|Number=Sing|Person=1|Tense=Past|VerbForm=Fin|Voice=Act","PRED_CO","root","_","ref=PHILEM_1.14","25","7","20","0"
"0031-018","524622","64182","6","8","manual","26","213","25","1","_","14","ποιῆσαι","ποιῆσαι","ποιέω","ποιέω","vnaa","v--ana---","VERB","V-","Aspect=Perf|Tense=Past|VerbForm=Inf|Voice=Act","OBJ","xcomp","_","ref=PHILEM_1.14","26","8","25","7"
"0031-018","524622","_","6","_","manual","27","214","0","1","_","14",",","_","_","_","_","u--------","_","_","_","AuxX","_","_","_","27","_","0","_"
"0031-018","524622","64182","6","8","manual","28","215","25","1","_","14","ἵνα","ἵνα","ἵνα","ἵνα","cs","c--------","SCONJ","G-","_","AuxC","mark","_","ref=PHILEM_1.14","28","9","25","17"
"0031-018","524622","64182","6","8","manual","29","216","30","1","_","14","μὴ","μὴ","μή","μή","b","d--------","ADV","Df","Polarity=Neg","AuxZ","advmod","_","ref=PHILEM_1.14","29","10","30","13"
"0031-018","524622","64182","6","8","manual","30","217","37","1","_","14","ὡς","ὡς","ὡς","ὡς","b","d--------","ADV","Df","_","PNOM_CO","mark","_","ref=PHILEM_1.14","30","11","37","13"
"0031-018","524622","64182","6","8","manual","31","218","30","1","_","14","κατὰ","κατὰ","κατά","κατά","pa","r--------","ADP","R-","_","AuxP","case","_","ref=PHILEM_1.14","31","12","30","13"
"0031-018","524622","64182","6","8","manual","32","219","31","1","_","14","ἀνάγκην","ἀνάγκην","ἀνάγκη","ἀνάγκη","nafsc","n-s---fa-","NOUN","Nb","Case=Acc|Gender=Fem|Number=Sing","ADV","advcl:cmp","_","ref=PHILEM_1.14","32","13","31","17"
"0031-018","524622","64182","6","8","manual","33","220","34","1","_","14","τὸ","τὸ","ὁ","ὁ","dnns","l-s---nn-","DET","S-","Case=Nom|Definite=Def|Gender=Neut|Number=Sing|PronType=Dem","ATR","det","_","ref=PHILEM_1.14","33","14","34","15"
"0031-018","524622","64182","6","8","manual","34","221","36","1","_","14","ἀγαθόν","ἀγαθόν","ἀγαθός","ἀγαθός","a-nns","a-s---nn-","ADJ","A-","Case=Nom|Degree=Pos|Gender=Neut|Number=Sing","SBJ","nsubj","_","ref=PHILEM_1.14","34","15","36","17"
"0031-018","524622","64182","6","8","manual","35","222","34","1","_","14","σου","σου","σύ","σύ","rpg-s","p2s---cg-","PRON","Pp","Case=Gen|Gender=Masc|Number=Sing|Person=2|PronType=Prs","ATR","det","_","ref=PHILEM_1.14","35","16","34","15"
"0031-018","524622","64182","6","8","manual","36","223","28","1","_","14","ᾖ","ᾖ","εἰμί","εἰμί","vspa3s","v3spsa---","AUX","V-","Mood=Sub|Number=Sing|Person=3|Tense=Pres|VerbForm=Fin|Voice=Act","ADV","advcl","_","ref=PHILEM_1.14|LId=1","36","17","28","7"
"0031-018","524622","64182","6","8","manual","37","224","36","1","_","14","ἀλλὰ","ἀλλὰ","ἀλλά","ἀλλά","cc","b--------","CCONJ","C-","_","COORD","cc","_","ref=PHILEM_1.14","37","18","36","20"
"0031-018","524622","64182","6","8","manual","38","225","37","1","_","14","κατὰ","κατὰ","κατά","κατά","pa","r--------","ADP","R-","_","AuxP","case","_","ref=PHILEM_1.14","38","19","37","20"
"0031-018","524622","64182","6","8","manual","39","226","38","1","_","14","ἑκούσιον","ἑκούσιον","ἑκούσιος","ἑκούσιος","a-ans","a-s---na-","ADJ","A-","Case=Acc|Degree=Pos|Gender=Neut|Number=Sing","PNOM_CO","conj","_","ref=PHILEM_1.14","39","20","38","13"
"0031-018","524622","_","6","_","manual","40","227","0","1","_","14",".","_","_","_","_","u--------","_","_","_","AuxK","_","_","_","40","_","0","_"
"0031-018","524623","31033","7","9","manual","1","228","5","1","_","15","τάχα","τάχα","τάχα","τάχα","b","d--------","ADV","Df","_","ADV","advmod","_","ref=PHILEM_1.15","1","1","5","5"
"0031-018","524623","31033","7","9","manual","2","229","5","1","_","15","γὰρ","γὰρ","γάρ","γάρ","c","g--------","ADV","Df","_","AuxY","discourse","_","ref=PHILEM_1.15","2","2","5","5"
"0031-018","524623","31033","7","9","manual","3","230","5","1","_","15","διὰ","διὰ","διά","διά","pa","r--------","ADP","R-","_","AuxP","case","_","ref=PHILEM_1.15","3","3","5","4"
"0031-018","524623","31033","7","9","manual","4","231","3","1","_","15","τοῦτο","τοῦτο","οὗτος","οὗτος","rdans","p-s---na-","PRON","Pd","Case=Acc|Gender=Neut|Number=Sing","ADV","obl","_","ref=PHILEM_1.15","4","4","3","5"
"0031-018","524623","31033","7","9","manual","5","232","0","1","_","15","ἐχωρίσθη","ἐχωρίσθη","χωρίζω","χωρίζω","viap3s","v3saip---","VERB","V-","Aspect=Perf|Mood=Ind|Number=Sing|Person=3|Tense=Past|VerbForm=Fin|Voice=Pass","PRED","root","_","ref=PHILEM_1.15","5","5","0","0"
"0031-018","524623","31033","7","9","manual","6","233","5","1","_","15","πρὸς","πρὸς","πρός","πρός","pa","r--------","ADP","R-","_","AuxP","case","_","ref=PHILEM_1.15","6","6","5","7"
"0031-018","524623","31033","7","9","manual","7","234","6","1","_","15","ὥραν","ὥραν","ὥρα","ὥρα","nafsc","n-s---fa-","NOUN","Nb","Case=Acc|Gender=Fem|Number=Sing","ADV","obl","_","ref=PHILEM_1.15","7","7","6","5"
"0031-018","524623","31033","7","9","manual","8","235","4","1","_","15","ἵνα","ἵνα","ἵνα","ἵνα","cs","c--------","SCONJ","G-","_","AuxC","mark","_","ref=PHILEM_1.15","8","8","4","11"
"0031-018","524623","31033","7","9","manual","9","236","11","1","_","15","αἰώνιον","αἰώνιον","αἰώνιος","αἰώνιος","a-ams","a-s---ma-","ADJ","A-","Case=Acc|Degree=Pos|Gender=Masc|Number=Sing","ADV","advmod","_","ref=PHILEM_1.15","9","9","11","11"
"0031-018","524623","31033","7","9","manual","10","237","11","1","_","15","αὐτὸν","αὐτὸν","αὐτός","αὐτός","rdams","p-s---ma-","PRON","Pp","Case=Acc|Gender=Masc|Number=Sing|Person=3|PronType=Prs","OBJ","obj","_","ref=PHILEM_1.15","10","10","11","11"
"0031-018","524623","31033","7","9","manual","11","238","8","1","_","15","ἀπέχῃς","ἀπέχῃς","ἀπέχω","ἀπέχω","vspa2s","v2spsa---","VERB","V-","Mood=Sub|Number=Sing|Person=2|Tense=Pres|VerbForm=Fin|Voice=Act","APOS","acl","_","ref=PHILEM_1.15","11","11","8","4"
"0031-018","524623","_","7","_","manual","12","239","0","1","_","15",",","_","_","_","_","u--------","_","_","_","AuxX","_","_","_","12","_","0","_"
"0031-018","524623","31033","7","9","manual","13","240","15","1","_","16","οὐκ","οὐκ","οὐ","οὐ","b","d--------","ADV","Df","Polarity=Neg","AuxZ","advmod","_","ref=PHILEM_1.16","13","12","15","13"
"0031-018","524623","31033","7","9","manual","14","241","15","1","_","16","ἔτι","ἔτι","ἔτι","ἔτι","b","d--------","ADV","Df","_","ADV","advcl:cmp","_","ref=PHILEM_1.16","14","13","15","18"
"0031-018","524623","31033","7","9","manual","15","242","17","1","_","16","ὡς","ὡς","ὡς","ὡς","b","d--------","ADV","Df","_","ADV_CO","mark","_","ref=PHILEM_1.16","15","14","17","13"
"0031-018","524623","31033","7","9","manual","16","243","15","1","_","16","δοῦλον","δοῦλον","δοῦλος","δοῦλος","namsc","n-s---ma-","NOUN","Nb","Case=Acc|Gender=Masc|Number=Sing","OBJ","obj","_","ref=PHILEM_1.16","16","15","15","13"
"0031-018","524623","31033","7","9","manual","17","244","11","1","_","16","ἀλλὰ","ἀλλὰ","ἀλλά","ἀλλά","cc","b--------","CCONJ","C-","_","COORD","cc","_","ref=PHILEM_1.16","17","16","11","18"
"0031-018","524623","31033","7","9","manual","18","245","17","1","_","16","ὑπὲρ","ὑπὲρ","ὑπέρ","ὑπέρ","pa","r--------","ADP","R-","_","AuxP","case","_","ref=PHILEM_1.16","18","17","17","18"
"0031-018","524623","31033","7","9","manual","19","246","18","1","_","16","δοῦλον","δοῦλον","δοῦλος","δοῦλος","namsc","n-s---ma-","NOUN","Nb","Case=Acc|Gender=Masc|Number=Sing","ADV_CO","xcomp","_","ref=PHILEM_1.16","19","18","18","11"
"0031-018","524623","_","7","_","manual","20","247","0","1","_","16",",","_","_","_","_","u--------","_","_","_","AuxX","_","_","_","20","_","0","_"
"0031-018","524623","31033","7","9","manual","21","248","19","1","_","16","ἀδελφὸν","ἀδελφὸν","ἀδελφός","ἀδελφός","namsc","n-s---ma-","NOUN","Nb","Case=Acc|Gender=Masc|Number=Sing","APOS","appos","_","ref=PHILEM_1.16","21","19","19","18"
"0031-018","524623","31033","7","9","manual","22","249","21","1","_","16","ἀγαπητόν","ἀγαπητόν","ἀγαπητός","ἀγαπητός","a-ams","a-s---ma-","ADJ","A-","Case=Acc|Degree=Pos|Gender=Masc,Neut|Number=Sing","ATR","amod","_","ref=PHILEM_1.16","22","20","21","19"
"0031-018","524623","_","7","_","manual","23","250","0","1","_","16",",","_","_","_","_","u--------","_","_","_","AuxX","_","_","_","23","_","0","_"
"0031-018","524623","31033","7","9","manual","24","251","25","1","_","16","μάλιστα","μάλιστα","μάλα","μάλα","b","d-------s","ADV","Df","Degree=Sup","ADV","advmod","_","ref=PHILEM_1.16","24","21","25","22"
"0031-018","524623","31033","7","9","manual","25","252","28","1","_","16","ἐμοί","ἐμοί","ἐγώ","ἐγώ","rpd-s","p1s---cd-","PRON","Pp","Case=Dat|Gender=Masc|Number=Sing|Person=1|PronType=Prs","OBJ_CO","obl","_","ref=PHILEM_1.16","25","22","28","20"
"0031-018","524623","_","7","_","manual","26","253","0","1","_","16",",","_","_","_","_","u--------","_","_","_","AuxX","_","_","_","26","_","0","_"
"0031-018","524623","31033","7","9","manual","27","254","29","1","_","16","πόσῳ","πόσῳ","πόσος","πόσος","rddns","p-s---nd-","PRON","Pi","Case=Dat|Gender=Neut|Number=Sing|PronType=Int","ADV","obl","_","ref=PHILEM_1.16","27","23","29","25"
"0031-018","524623","31033","7","9","manual","28","255","22","1","_","16","δὲ","δὲ","δέ","δέ","cc","b--------","ADV","Df","_","COORD","discourse","_","ref=PHILEM_1.16","28","24","22","26"
"0031-018","524623","31033","7","9","manual","29","256","30","1","_","16","μᾶλλον","μᾶλλον","μάλα","μᾶλλον","b","d-------c","ADV","Df","Degree=Cmp","ATR","amod","_","ref=PHILEM_1.16","29","25","30","26"
"0031-018","524623","31033","7","9","manual","30","257","28","1","_","16","σοὶ","σοὶ","σύ","σύ","rpd-s","p2s---cd-","PRON","Pp","Case=Dat|Gender=Masc|Number=Sing|Person=2|PronType=Prs","OBJ_CO","conj","_","ref=PHILEM_1.16","30","26","28","22"
"0031-018","524623","31033","7","9","manual","31","258","34","1","_","16","καὶ","καὶ","καί","καί","cc","b--------","CCONJ","C-","_","AuxY","cc","_","ref=PHILEM_1.16","31","27","34","29"
"0031-018","524623","31033","7","9","manual","32","259","34","1","_","16","ἐν","ἐν","ἐν","ἐν","pd","r--------","ADP","R-","_","AuxP","case","_","ref=PHILEM_1.16","32","28","34","29"
"0031-018","524623","31033","7","9","manual","33","260","32","1","_","16","σαρκὶ","σαρκὶ","σάρξ","σάρξ","ndfsc","n-s---fd-","NOUN","Nb","Case=Dat|Gender=Fem|Number=Sing","ATR_CO","nmod","_","ref=PHILEM_1.16","33","29","32","26"
"0031-018","524623","31033","7","9","manual","34","261","30","1","_","16","καὶ","καὶ","καί","καί","cc","b--------","CCONJ","C-","_","COORD","cc","_","ref=PHILEM_1.16","34","30","30","32"
"0031-018","524623","31033","7","9","manual","35","262","34","1","_","16","ἐν","ἐν","ἐν","ἐν","pd","r--------","ADP","R-","_","AuxP","case","_","ref=PHILEM_1.16","35","31","34","32"
"0031-018","524623","31033","7","9","manual","36","263","35","1","_","16","κυρίῳ","κυρίῳ","κύριος","κύριος","ndmsc","n-s---md-","NOUN","Nb","Case=Dat|Gender=Masc|Number=Sing","ATR_CO","conj","_","ref=PHILEM_1.16","36","32","35","29"
"0031-018","524623","_","7","_","manual","37","264","0","1","_","16",".","_","_","_","_","u--------","_","_","_","AuxK","_","_","_","37","_","0","_"
"0031-018","524624","31034","8","10","manual","1","265","7","1","_","17","εἰ","εἰ","εἰ","εἰ","cs","c--------","SCONJ","G-","_","AuxC","mark","_","ref=PHILEM_1.17","1","1","7","4"
"0031-018","524624","31034","8","10","manual","2","266","7","1","_","17","οὖν","οὖν","οὖν","οὖν","c","g--------","ADV","Df","_","AuxY","discourse","_","ref=PHILEM_1.17","2","2","7","6"
"0031-018","524624","31034","8","10","manual","3","267","4","1","_","17","με","με","ἐγώ","ἐγώ","rpa-s","p1s---ca-","PRON","Pp","Case=Acc|Gender=Masc|Number=Sing|Person=1|PronType=Prs","OBJ","obj","_","ref=PHILEM_1.17","3","3","4","4"
"0031-018","524624","31034","8","10","manual","4","268","1","1","_","17","ἔχεις","ἔχεις","ἔχω","ἔχω","vipa2s","v2spia---","VERB","V-","Mood=Ind|Number=Sing|Person=2|Tense=Pres|VerbForm=Fin|Voice=Act","ADV","advcl","_","ref=PHILEM_1.17","4","4","1","6"
"0031-018","524624","31034","8","10","manual","5","269","4","1","_","17","κοινωνόν","κοινωνόν","κοινωνός","κοινωνός","namsc","n-s---ma-","NOUN","Nb","Case=Acc|Gender=Masc|Number=Sing","ADV","xcomp","_","ref=PHILEM_1.17","5","5","4","4"
"0031-018","524624","_","8","_","manual","6","270","0","1","_","17",",","_","_","_","_","u--------","_","_","_","AuxX","_","_","_","6","_","0","_"
"0031-018","524624","31034","8","10","manual","7","271","0","1","_","17","προσλαβοῦ","προσλαβοῦ","προσλαμβάνω","προσλαμβάνω","vdam2s","v2samm---","VERB","V-","Aspect=Perf|Mood=Imp|Number=Sing|Person=2|Tense=Past|VerbForm=Fin|Voice=Mid","PRED","root","_","ref=PHILEM_1.17","7","6","0","0"
"0031-018","524624","31034","8","10","manual","8","272","7","1","_","17","αὐτὸν","αὐτὸν","αὐτός","αὐτός","rdams","p-s---ma-","PRON","Pp","Case=Acc|Gender=Masc|Number=Sing|Person=3|PronType=Prs","OBJ","obj","_","ref=PHILEM_1.17","8","7","7","6"
"0031-018","524624","31034","8","10","manual","9","273","7","1","_","17","ὡς","ὡς","ὡς","ὡς","cs","c--------","ADV","Df","_","AuxC","mark","_","ref=PHILEM_1.17","9","8","7","9"
"0031-018","524624","31034","8","10","manual","10","274","9","1","_","17","ἐμέ","ἐμέ","ἐγώ","ἐγώ","rpa-s","p1s---ca-","PRON","Pp","Case=Acc|Gender=Masc|Number=Sing|Person=1|PronType=Prs","OBJ","advcl:cmp","_","ref=PHILEM_1.17","10","9","9","6"
"0031-018","524624","_","8","_","manual","11","275","0","1","_","17",".","_","_","_","_","u--------","_","_","_","AuxK","_","_","_","11","_","0","_"
"0031-018","524625","31035","9","11","manual","1","276","11","1","_","18","εἰ","εἰ","εἰ","εἰ","cs","c--------","SCONJ","G-","_","AuxC","mark","_","ref=PHILEM_1.18","1","1","11","4"
"0031-018","524625","31035","9","11","manual","2","277","11","1","_","18","δέ","δέ","δέ","δέ","cc","b--------","ADV","Df","_","AuxY","discourse","_","ref=PHILEM_1.18","2","2","11","10"
"0031-018","524625","31035","9","11","manual","3","278","4","1","_","18","τι","τι","τις","τὶς","rdans","p-s---na-","PRON","Px","Case=Acc|Gender=Neut|Number=Sing","ADV","obl","_","ref=PHILEM_1.18","3","3","4","4"
"0031-018","524625","31035","9","11","manual","4","279","6","1","_","18","ἠδίκησέν","ἠδίκησέν","ἀδικέω","ἀδικέω","viaa3s","v3saia---","VERB","V-","Aspect=Perf|Mood=Ind|Number=Sing|Person=3|Tense=Past|VerbForm=Fin|Voice=Act","ADV_CO","advcl","_","ref=PHILEM_1.18","4","4","6","10"
"0031-018","524625","31035","9","11","manual","5","280","4","1","_","18","σε","σε","σύ","σύ","rpa-s","p2s---ca-","PRON","Pp","Case=Acc|Gender=Masc|Number=Sing|Person=2|PronType=Prs","OBJ","obj","_","ref=PHILEM_1.18","5","5","4","4"
"0031-018","524625","31035","9","11","manual","6","281","1","1","_","18","ἢ","ἢ","ἤ","ἤ","cc","b--------","CCONJ","C-","_","COORD","cc","_","ref=PHILEM_1.18","6","6","1","7"
"0031-018","524625","31035","9","11","manual","7","282","6","1","_","18","ὀφείλει","ὀφείλει","ὀφείλω","ὀφείλω","vipa3s","v3spia---","VERB","V-","Mood=Ind|Number=Sing|Person=3|Tense=Pres|VerbForm=Fin|Voice=Act","ADV_CO","conj","_","ref=PHILEM_1.18","7","7","6","4"
"0031-018","524625","_","9","_","manual","8","283","0","1","_","18",",","_","_","_","_","u--------","_","_","_","AuxX","_","_","_","8","_","0","_"
"0031-018","524625","31035","9","11","manual","9","284","11","1","_","18","τοῦτο","τοῦτο","οὗτος","οὗτος","rdans","p-s---na-","PRON","Pd","Case=Acc|Gender=Neut|Number=Sing","OBJ","obj","_","ref=PHILEM_1.18","9","8","11","10"
"0031-018","524625","31035","9","11","manual","10","285","11","1","_","18","ἐμοὶ","ἐμοὶ","ἐγώ","ἐγώ","rpd-s","p1s---cd-","PRON","Pp","Case=Dat|Gender=Masc|Number=Sing|Person=1|PronType=Prs","OBJ","obl:arg","_","ref=PHILEM_1.18","10","9","11","10"
"0031-018","524625","31035","9","11","manual","11","286","0","1","_","18","ἐλλόγα","ἐλλόγα","ἐλλογέω","ἐλλογέω","vdpa2s","v2spma---","VERB","V-","Mood=Imp|Number=Sing|Person=2|Tense=Pres|VerbForm=Fin|Voice=Act","PRED","root","_","ref=PHILEM_1.18","11","10","0","0"
"0031-018","524625","_","9","_","manual","12","287","0","1","_","18","·","_","_","_","_","u--------","_","_","_","AuxK","_","_","_","12","_","0","_"
"0031-018","524626","31036","10","12","manual","1","288","3","1","_","19","ἐγὼ","ἐγὼ","ἐγώ","ἐγώ","rpn-s","p1s---cn-","PRON","Pp","Case=Nom|Gender=Masc|Number=Sing|Person=1|PronType=Prs","SBJ","nsubj","_","ref=PHILEM_1.19","1","1","3","3"
"0031-018","524626","31036","10","12","manual","2","289","1","1","_","19","Παῦλος","Παῦλος","Παῦλος","Παῦλος","nnmsc","n-s---mn-","NOUN","Nb","Case=Nom|Gender=Masc|Number=Sing","APOS","appos","_","ref=PHILEM_1.19","2","2","1","1"
"0031-018","524626","31036","10","12","manual","3","290","9","1","_","19","ἔγραψα","ἔγραψα","γράφω","γράφω","viaa1s","v1saia---","VERB","V-","Aspect=Perf|Mood=Ind|Number=Sing|Person=1|Tense=Past|VerbForm=Fin|Voice=Act","ExD","root","_","ref=PHILEM_1.19","3","3","9","0"
"0031-018","524626","31036","10","12","manual","4","291","6","1","_","19","τῇ","τῇ","ὁ","ὁ","ddfs","l-s---fd-","DET","S-","Case=Dat|Definite=Def|Gender=Fem|Number=Sing|PronType=Dem","ATR","det","_","ref=PHILEM_1.19","4","4","6","6"
"0031-018","524626","31036","10","12","manual","5","292","6","1","_","19","ἐμῇ","ἐμῇ","ἐμός","ἐμός","a-dfs","a-s---fd-","DET","Ps","Case=Nom|Gender=Fem|Number=Sing|Person=1|Poss=Yes","ATR","det","_","ref=PHILEM_1.19","5","5","6","6"
"0031-018","524626","31036","10","12","manual","6","293","3","1","_","19","χειρί","χειρί","χείρ","χείρ","ndfsc","n-s---fd-","NOUN","Nb","Case=Dat|Gender=Fem|Number=Sing","ADV","obl","_","ref=PHILEM_1.19","6","6","3","3"
"0031-018","524626","_","10","_","manual","7","294","0","1","_","19",",","_","_","_","_","u--------","_","_","_","AuxK","_","_","_","7","_","0","_"
"0031-018","524626","64183","10","13","manual","8","295","9","1","_","19","ἐγὼ","ἐγὼ","ἐγώ","ἐγώ","rpn-s","p1s---cn-","PRON","Pp","Case=Nom|Gender=Masc|Number=Sing|Person=1|PronType=Prs","SBJ","nsubj","_","ref=PHILEM_1.19","8","1","9","2"
"0031-018","524626","64183","10","13","manual","9","296","0","1","_","19","ἀποτίσω","ἀποτίσω","ἀποτίνω","ἀποτίνω","vifa1s","v1sfia---","VERB","V-","Mood=Ind|Number=Sing|Person=1|Tense=Fut|VerbForm=Fin|Voice=Act","PRED","root","_","ref=PHILEM_1.19","9","2","0","0"
"0031-018","524626","_","10","_","manual","10","297","0","1","_","19","·","_","_","_","_","u--------","_","_","_","AuxK","_","_","_","10","_","0","_"
"0031-018","524627","31037","11","14","manual","1","298","11","1","_","19","ἵνα","ἵνα","ἵνα","ἵνα","cs","c--------","SCONJ","G-","_","AuxC","mark","_","ref=PHILEM_1.19","1","1","11","3"
"0031-018","524627","31037","11","14","manual","2","299","3","1","_","19","μὴ","μὴ","μή","μή","b","d--------","ADV","Df","Polarity=Neg","AuxZ","advmod","_","ref=PHILEM_1.19","2","2","3","3"
"0031-018","524627","31037","11","14","manual","3","300","1","1","_","19","λέγω","λέγω","λέγω","λέγω","vspa1s","v1spsa---","VERB","V-","Mood=Sub|Number=Sing|Person=1|Tense=Pres|VerbForm=Fin|Voice=Act","ADV","root","_","ref=PHILEM_1.19","3","3","1","0"
"0031-018","524627","31037","11","14","manual","4","301","3","1","_","19","σοι","σοι","σύ","σύ","rpd-s","p2s---cd-","PRON","Pp","Case=Dat|Gender=Masc|Number=Sing|Person=2|PronType=Prs","OBJ","obl:arg","_","ref=PHILEM_1.19","4","4","3","3"
"0031-018","524627","31037","11","14","manual","5","302","3","1","_","19","ὅτι","ὅτι","ὅτι","ὅτι","cs","c--------","SCONJ","G-","_","AuxC","mark","_","ref=PHILEM_1.19","5","5","3","9"
"0031-018","524627","31037","11","14","manual","6","303","9","1","_","19","καὶ","καὶ","καί","καί","b","d--------","ADV","Df","_","AuxZ","advmod","_","ref=PHILEM_1.19|LId=1","6","6","9","9"
"0031-018","524627","31037","11","14","manual","7","304","9","1","_","19","σεαυτόν","σεαυτόν","σεαυτοῦ","σεαυτοῦ","rpams","p2s---ma-","PRON","Pk","Case=Acc|Gender=Masc|Number=Sing|Person=2|PronType=Prs|Reflex=Yes","OBJ","obj","_","ref=PHILEM_1.19","7","7","9","9"
"0031-018","524627","31037","11","14","manual","8","305","9","1","_","19","μοι","μοι","ἐγώ","ἐγώ","rpd-s","p1s---cd-","PRON","Pp","Case=Dat|Gender=Masc|Number=Sing|Person=1|PronType=Prs","OBJ","obl:arg","_","ref=PHILEM_1.19","8","8","9","9"
"0031-018","524627","31037","11","14","manual","9","306","5","1","_","19","προσοφείλεις","προσοφείλεις","προσοφείλω","προσοφείλω","vipa2s","v2spia---","VERB","V-","Mood=Ind|Number=Sing|Person=2|Tense=Pres|VerbForm=Fin|Voice=Act","OBJ","ccomp","_","ref=PHILEM_1.19","9","9","5","3"
"0031-018","524627","_","11","_","manual","10","307","0","1","_","19",".","_","_","_","_","u--------","_","_","_","AuxK","_","_","_","10","_","0","_"
"0031-018","524627","_","11","_","manual","11","308","0","1","_","19","E","_","_","_","E","z--------","_","_","_","PRED","_","_","_","11","_","0","_"
"0031-018","524628","31038","12","15","manual","1","309","0","1","_","20","ναί","ναί","ναί","ναί","i","i--------","INTJ","I-","_","ExD","discourse","_","ref=PHILEM_1.20","1","1","0","5"
"0031-018","524628","_","12","_","manual","2","310","0","1","_","20",",","_","_","_","_","u--------","_","_","_","AuxX","_","_","_","2","_","0","_"
"0031-018","524628","31038","12","15","manual","3","311","7","1","_","20","ἀδελφέ","ἀδελφέ","ἀδελφός","ἀδελφός","nvmsc","n-s---mv-","NOUN","Nb","Case=Voc|Gender=Masc|Number=Sing","ExD","vocative","_","ref=PHILEM_1.20","3","2","7","5"
"0031-018","524628","_","12","_","manual","4","312","0","1","_","20",",","_","_","_","_","u--------","_","_","_","AuxX","_","_","_","4","_","0","_"
"0031-018","524628","31038","12","15","manual","5","313","7","1","_","20","ἐγώ","ἐγώ","ἐγώ","ἐγώ","rpn-s","p1s---cn-","PRON","Pp","Case=Nom|Gender=Masc|Number=Sing|Person=1|PronType=Prs","SBJ","nsubj","_","ref=PHILEM_1.20","5","3","7","5"
"0031-018","524628","31038","12","15","manual","6","314","7","1","_","20","σου","σου","σύ","σύ","rpg-s","p2s---cg-","PRON","Pp","Case=Gen|Gender=Masc|Number=Sing|Person=2|PronType=Prs","OBJ","obl:arg","_","ref=PHILEM_1.20","6","4","7","5"
"0031-018","524628","31038","12","15","manual","7","315","0","1","_","20","ὀναίμην","ὀναίμην","ὀνίνημι","ὀνίνημι","voam1s","v1saom---","VERB","V-","Aspect=Perf|Mood=Opt|Number=Sing|Person=1|Tense=Past|VerbForm=Fin|Voice=Mid","PRED","root","_","ref=PHILEM_1.20","7","5","0","0"
"0031-018","524628","31038","12","15","manual","8","316","7","1","_","20","ἐν","ἐν","ἐν","ἐν","pd","r--------","ADP","R-","_","AuxP","case","_","ref=PHILEM_1.20","8","6","7","7"
"0031-018","524628","31038","12","15","manual","9","317","8","1","_","20","κυρίῳ","κυρίῳ","κύριος","κύριος","ndmsc","n-s---md-","NOUN","Nb","Case=Dat|Gender=Masc|Number=Sing","ADV","obl","_","ref=PHILEM_1.20","9","7","8","5"
"0031-018","524628","_","12","_","manual","10","318","0","1","_","20","·","_","_","_","_","u--------","_","_","_","AuxK","_","_","_","10","_","0","_"
"0031-018","524629","31039","13","16","manual","1","319","0","1","_","20","ἀνάπαυσόν","ἀνάπαυσόν","ἀναπαύω","ἀναπαύω","vdaa2s","v2sama---","VERB","V-","Aspect=Perf|Mood=Imp|Number=Sing|Person=2|Tense=Past|VerbForm=Fin|Voice=Act","PRED","root","_","ref=PHILEM_1.20","1","1","0","0"
"0031-018","524629","31039","13","16","manual","2","320","4","1","_","20","μου","μου","ἐγώ","ἐγώ","rpg-s","p1s---cg-","PRON","Pp","Case=Gen|Gender=Masc|Number=Sing|Person=1|PronType=Prs","ATR","det","_","ref=PHILEM_1.20","2","2","4","4"
"0031-018","524629","31039","13","16","manual","3","321","4","1","_","20","τὰ","τὰ","ὁ","ὁ","danp","l-p---na-","DET","S-","Case=Acc|Definite=Def|Gender=Neut|Number=Plur|PronType=Dem","ATR","det","_","ref=PHILEM_1.20","3","3","4","4"
"0031-018","524629","31039","13","16","manual","4","322","1","1","_","20","σπλάγχνα","σπλάγχνα","σπλάγχνον","σπλάγχνον","nanpc","n-p---na-","NOUN","Nb","Case=Acc|Gender=Neut|Number=Plur","OBJ","obj","_","ref=PHILEM_1.20","4","4","1","1"
"0031-018","524629","31039","13","16","manual","5","323","1","1","_","20","ἐν","ἐν","ἐν","ἐν","pd","r--------","ADP","R-","_","AuxP","case","_","ref=PHILEM_1.20","5","5","1","6"
"0031-018","524629","31039","13","16","manual","6","324","5","1","_","20","Χριστῷ","Χριστῷ","Χριστός","Χριστός","ndmsc","n-s---md-","PROPN","Ne","Case=Dat|Gender=Masc|Number=Sing","ADV","obl","_","ref=PHILEM_1.20","6","6","5","1"
"0031-018","524629","_","13","_","manual","7","325","0","1","_","20",".","_","_","_","_","u--------","_","_","_","AuxK","_","_","_","7","_","0","_"
"0031-018","524630","31040","14","17","manual","1","326","5","1","_","21","πεποιθὼς","Πεποιθὼς","πείθω","πείθω","vpxanms","v-srpamn-","VERB","V-","Aspect=Perf|Case=Nom|Gender=Masc|Number=Sing|Tense=Past|VerbForm=Part|Voice=Act","ADV","advcl","_","ref=PHILEM_1.21","1","1","5","5"
"0031-018","524630","31040","14","17","manual","2","327","3","1","_","21","τῇ","τῇ","ὁ","ὁ","ddfs","l-s---fd-","DET","S-","Case=Dat|Definite=Def|Gender=Fem|Number=Sing|PronType=Dem","ATR","det","_","ref=PHILEM_1.21","2","2","3","3"
"0031-018","524630","31040","14","17","manual","3","328","1","1","_","21","ὑπακοῇ","ὑπακοῇ","ὑπακοή","ὑπακοή","ndfsc","n-s---fd-","NOUN","Nb","Case=Dat|Gender=Fem|Number=Sing","OBJ","obl:arg","_","ref=PHILEM_1.21","3","3","1","1"
"0031-018","524630","31040","14","17","manual","4","329","3","1","_","21","σου","σου","σύ","σύ","rpg-s","p2s---cg-","PRON","Pp","Case=Gen|Gender=Masc|Number=Sing|Person=2|PronType=Prs","ATR","det","_","ref=PHILEM_1.21","4","4","3","3"
"0031-018","524630","31040","14","17","manual","5","330","0","1","_","21","ἔγραψά","ἔγραψά","γράφω","γράφω","viaa1s","v1saia---","VERB","V-","Aspect=Perf|Mood=Ind|Number=Sing|Person=1|Tense=Past|VerbForm=Fin|Voice=Act","PRED","root","_","ref=PHILEM_1.21","5","5","0","0"
"0031-018","524630","31040","14","17","manual","6","331","5","1","_","21","σοι","σοι","σύ","σύ","rpd-s","p2s---cd-","PRON","Pp","Case=Dat|Gender=Masc|Number=Sing|Person=2|PronType=Prs","OBJ","obl:arg","_","ref=PHILEM_1.21","6","6","5","5"
"0031-018","524630","_","14","_","manual","7","332","0","1","_","21",",","_","_","_","_","u--------","_","_","_","AuxX","_","_","_","7","_","0","_"
"0031-018","524630","31040","14","17","manual","8","333","5","1","_","21","εἰδὼς","εἰδὼς","οἶδα","οἶδα","vpxanms","v-srpamn-","VERB","V-","Aspect=Perf|Case=Nom|Gender=Masc|Number=Sing|Tense=Past|VerbForm=Part|Voice=Act","ADV","advcl","_","ref=PHILEM_1.21","8","7","5","5"
"0031-018","524630","31040","14","17","manual","9","334","8","1","_","21","ὅτι","ὅτι","ὅτι","ὅτι","cs","c--------","SCONJ","G-","_","AuxC","mark","_","ref=PHILEM_1.21","9","8","8","13"
"0031-018","524630","31040","14","17","manual","10","335","11","1","_","21","καὶ","καὶ","καί","καί","b","d--------","ADV","Df","_","AuxZ","advmod","_","ref=PHILEM_1.21|LId=1","10","9","11","12"
"0031-018","524630","31040","14","17","manual","11","336","14","1","_","21","ὑπὲρ","ὑπὲρ","ὑπέρ","ὑπέρ","pa","r--------","ADP","R-","_","AuxP","case","_","ref=PHILEM_1.21","11","10","14","12"
"0031-018","524630","31040","14","17","manual","12","337","13","1","_","21","ἃ","ἃ","ὅς","ὅς","rdanp","p-p---na-","PRON","Pr","Case=Acc|Gender=Neut|Number=Plur|PronType=Rel","OBJ","obj","_","ref=PHILEM_1.21","12","11","13","12"
"0031-018","524630","31040","14","17","manual","13","338","11","1","_","21","λέγω","λέγω","λέγω","λέγω","vipa1s","v1spia---","VERB","V-","Mood=Ind|Number=Sing|Person=1|Tense=Pres|VerbForm=Fin|Voice=Act","OBJ","obj","_","ref=PHILEM_1.21","13","12","11","13"
"0031-018","524630","31040","14","17","manual","14","339","9","1","_","21","ποιήσεις","ποιήσεις","ποιέω","ποιέω","vifa2s","v2sfia---","VERB","V-","Mood=Ind|Number=Sing|Person=2|Tense=Fut|VerbForm=Fin|Voice=Act","OBJ","ccomp","_","ref=PHILEM_1.21","14","13","9","7"
"0031-018","524630","_","14","_","manual","15","340","0","1","_","21",".","_","_","_","_","u--------","_","_","_","AuxK","_","_","_","15","_","0","_"
"0031-018","524631","31041","15","18","manual","1","341","4","1","_","22","ἅμα","ἅμα","ἅμα","ἅμα","b","d--------","ADV","Df","_","ADV","advmod","_","ref=PHILEM_1.22","1","1","4","4"
"0031-018","524631","31041","15","18","manual","2","342","4","1","_","22","δὲ","δὲ","δέ","δέ","cc","b--------","ADV","Df","_","AuxY","discourse","_","ref=PHILEM_1.22","2","2","4","4"
"0031-018","524631","31041","15","18","manual","3","343","4","1","_","22","καὶ","καὶ","καί","καί","b","d--------","CCONJ","C-","_","AuxZ","cc","_","ref=PHILEM_1.22","3","3","4","4"
"0031-018","524631","31041","15","18","manual","4","344","0","1","_","22","ἑτοίμαζέ","ἑτοίμαζέ","ἑτοιμάζω","ἑτοιμάζω","vdpa2s","v2spma---","VERB","V-","Mood=Imp|Number=Sing|Person=2|Tense=Pres|VerbForm=Fin|Voice=Act","PRED","root","_","ref=PHILEM_1.22","4","4","0","0"
"0031-018","524631","31041","15","18","manual","5","345","4","1","_","22","μοι","μοι","ἐγώ","ἐγώ","rpd-s","p1s---cd-","PRON","Pp","Case=Dat|Gender=Masc|Number=Sing|Person=1|PronType=Prs","ADV","obl","_","ref=PHILEM_1.22","5","5","4","4"
"0031-018","524631","31041","15","18","manual","6","346","4","1","_","22","ξενίαν","ξενίαν","ξενία","ξενία","nafsc","n-s---fa-","NOUN","Nb","Case=Acc|Gender=Fem|Number=Sing","OBJ","obj","_","ref=PHILEM_1.22","6","6","4","4"
"0031-018","524631","_","15","_","manual","7","347","0","1","_","22","·","_","_","_","_","u--------","_","_","_","AuxK","_","_","_","7","_","0","_"
"0031-018","524632","31042","16","19","manual","1","348","0","1","_","22","ἐλπίζω","ἐλπίζω","ἐλπίζω","ἐλπίζω","vipa1s","v1spia---","VERB","V-","Mood=Ind|Number=Sing|Person=1|Tense=Pres|VerbForm=Fin|Voice=Act","PRED","root","_","ref=PHILEM_1.22","1","1","0","0"
"0031-018","524632","31042","16","19","manual","2","349","1","1","_","22","γὰρ","γὰρ","γάρ","γάρ","c","g--------","ADV","Df","_","AuxY","discourse","_","ref=PHILEM_1.22","2","2","1","1"
"0031-018","524632","31042","16","19","manual","3","350","1","1","_","22","ὅτι","ὅτι","ὅτι","ὅτι","cs","c--------","SCONJ","G-","_","AuxC","mark","_","ref=PHILEM_1.22","3","3","1","8"
"0031-018","524632","31042","16","19","manual","4","351","8","1","_","22","διὰ","διὰ","διά","διά","pg","r--------","ADP","R-","_","AuxP","case","_","ref=PHILEM_1.22","4","4","8","6"
"0031-018","524632","31042","16","19","manual","5","352","6","1","_","22","τῶν","τῶν","ὁ","ὁ","dgfp","l-p---fg-","DET","S-","Case=Gen|Definite=Def|Number=Plur|PronType=Dem","ATR","det","_","ref=PHILEM_1.22","5","5","6","6"
"0031-018","524632","31042","16","19","manual","6","353","4","1","_","22","προσευχῶν","προσευχῶν","προσευχή","προσευχή","ngfpc","n-p---fg-","NOUN","Nb","Case=Gen|Gender=Fem|Number=Plur","ADV","obl","_","ref=PHILEM_1.22","6","6","4","8"
"0031-018","524632","31042","16","19","manual","7","354","6","1","_","22","ὑμῶν","ὑμῶν","σύ","ὑμεῖς","rpg-p","p2p---cg-","PRON","Pp","Case=Gen|Gender=Masc|Number=Plur|Person=2|PronType=Prs","ATR","det","_","ref=PHILEM_1.22","7","7","6","6"
"0031-018","524632","31042","16","19","manual","8","355","3","1","_","22","χαρισθήσομαι","χαρισθήσομαι","χαρίζω","χαρίζομαι","vifp1s","v1sfip---","VERB","V-","Mood=Ind|Number=Sing|Person=1|Tense=Fut|VerbForm=Fin|Voice=Pass","OBJ","ccomp","_","ref=PHILEM_1.22","8","8","3","1"
"0031-018","524632","31042","16","19","manual","9","356","8","1","_","22","ὑμῖν","ὑμῖν","σύ","ὑμεῖς","rpd-p","p2p---cd-","PRON","Pp","Case=Dat|Gender=Masc|Number=Plur|Person=2|PronType=Prs","OBJ","obl:arg","_","ref=PHILEM_1.22","9","9","8","8"
"0031-018","524632","_","16","_","manual","10","357","0","1","_","22",".","_","_","_","_","u--------","_","_","_","AuxK","_","_","_","10","_","0","_"
"0031-018","524633","31043","17","20","manual","1","358","0","1","_","23","ἀσπάζεταί","Ἀσπάζεταί","ἀσπάζομαι","ἀσπάζομαι","vipm3s","v3spim---","VERB","V-","Mood=Ind|Number=Sing|Person=3|Tense=Pres|VerbForm=Fin|Voice=Mid","PRED","root","_","ref=PHILEM_1.23","1","1","0","0"
"0031-018","524633","31043","17","20","manual","2","359","1","1","_","23","σε","σε","σύ","σύ","rpa-s","p2s---ca-","PRON","Pp","Case=Acc|Gender=Masc|Number=Sing|Person=2|PronType=Prs","OBJ","obj","_","ref=PHILEM_1.23","2","2","1","1"
"0031-018","524633","31043","17","20","manual","3","360","24","1","_","23","Ἐπαφρᾶς","Ἐπαφρᾶς","Ἐπαφρᾶς","Ἐπαφρᾶς","nnmsc","n-s---mn-","PROPN","Ne","Case=Nom|Gender=Masc|Number=Sing","SBJ_CO","nsubj","_","ref=PHILEM_1.23","3","3","24","1"
"0031-018","524633","31043","17","20","manual","4","361","5","1","_","23","ὁ","ὁ","ὁ","ὁ","dnms","l-s---mn-","DET","S-","Case=Nom|Definite=Def|Gender=Masc|Number=Sing|PronType=Dem","ATR","det","_","ref=PHILEM_1.23","4","4","5","5"
"0031-018","524633","31043","17","20","manual","5","362","3","1","_","23","συναιχμάλωτός","συναιχμάλωτός","συναιχμάλωτος","συναιχμάλωτος","a-nms","a-s---mn-","ADJ","A-","Case=Nom|Degree=Pos|Gender=Masc|Number=Sing","ATR","nmod","_","ref=PHILEM_1.23","5","5","3","3"
"0031-018","524633","31043","17","20","manual","6","363","5","1","_","23","μου","μου","ἐγώ","ἐγώ","rpg-s","p1s---cg-","PRON","Pp","Case=Gen|Gender=Masc|Number=Sing|Person=1|PronType=Prs","ATR","det","_","ref=PHILEM_1.23","6","6","5","5"
"0031-018","524633","31043","17","20","manual","7","364","5","1","_","23","ἐν","ἐν","ἐν","ἐν","pd","r--------","ADP","R-","_","AuxP","case","_","ref=PHILEM_1.23","7","7","5","8"
"0031-018","524633","31043","17","20","manual","8","365","7","1","_","23","Χριστῷ","Χριστῷ","Χριστός","Χριστός","ndmsc","n-s---md-","PROPN","Ne","Case=Dat|Gender=Masc|Number=Sing","ADV","obl","_","ref=PHILEM_1.23","8","8","7","5"
"0031-018","524633","31043","17","20","manual","9","366","8","1","_","23","Ἰησοῦ","Ἰησοῦ","Ἰησοῦς","Ἰησοῦς","ndmsc","n-s---md-","PROPN","Ne","Case=Dat|Gender=Masc|Number=Sing","APOS","flat:name","_","ref=PHILEM_1.23","9","9","8","8"
"0031-018","524633","_","17","_","manual","10","367","0","1","_","23",",","_","_","_","_","u--------","_","_","_","AuxX","_","_","_","10","_","0","_"
"0031-018","524633","31043","17","20","manual","11","368","23","1","_","24","Μάρκος","Μάρκος","Μάρκος","Μᾶρκος","nnmsc","n-s---mn-","NOUN","Nb","Case=Nom|Gender=Masc|Number=Sing","SBJ_CO","conj","_","ref=PHILEM_1.24","11","10","23","3"
"0031-018","524633","_","17","_","manual","12","369","0","1","_","24",",","_","_","_","_","u--------","_","_","_","AuxX","_","_","_","12","_","0","_"
"0031-018","524633","31043","17","20","manual","13","370","23","1","_","24","Ἀρίσταρχος","Ἀρίσταρχος","Ἀρίσταρχος","Ἀρίσταρχος","nnmsc","n-s---mn-","NOUN","Nb","Case=Nom|Gender=Masc|Number=Sing","SBJ_CO","conj","_","ref=PHILEM_1.24","13","11","23","10"
"0031-018","524633","_","17","_","manual","14","371","0","1","_","24",",","_","_","_","_","u--------","_","_","_","AuxX","_","_","_","14","_","0","_"
"0031-018","524633","31043","17","20","manual","15","372","23","1","_","24","Δημᾶς","Δημᾶς","Δημᾶς","Δημᾶς","nnmsc","n-s---mn-","NOUN","Nb","Case=Nom|Gender=Masc|Number=Sing","SBJ_CO","conj","_","ref=PHILEM_1.24","15","12","23","10"
"0031-018","524633","_","17","_","manual","16","373","0","1","_","24",",","_","_","_","_","u--------","_","_","_","AuxX","_","_","_","16","_","0","_"
"0031-018","524633","31043","17","20","manual","17","374","23","1","_","24","Λουκᾶς","Λουκᾶς","Λουκᾶς","Λουκᾶς","nnmsc","n-s---mn-","NOUN","Nb","Case=Nom|Gender=Masc|Number=Sing","SBJ_CO","conj","_","ref=PHILEM_1.24","17","13","23","10"
"0031-018","524633","_","17","_","manual","18","375","0","1","_","24",",","_","_","_","_","u--------","_","_","_","AuxX","_","_","_","18","_","0","_"
"0031-018","524633","31043","17","20","manual","19","376","20","1","_","24","οἱ","οἱ","ὁ","ὁ","dnmp","l-p---mn-","DET","S-","Case=Nom|Definite=Def|Gender=Masc|Number=Plur|PronType=Dem","ATR","det","_","ref=PHILEM_1.24","19","14","20","15"
"0031-018","524633","31043","17","20","manual","20","377","23","1","_","24","συνεργοί","συνεργοί","συνεργός","συνεργός","a-nmp","a-p---mn-","ADJ","A-","Case=Nom|Degree=Pos|Gender=Masc|Number=Plur","APOS","appos","_","ref=PHILEM_1.24","20","15","23","10"
"0031-018","524633","31043","17","20","manual","21","378","20","1","_","24","μου","μου","ἐγώ","ἐγώ","rpg-s","p1s---cg-","PRON","Pp","Case=Gen|Gender=Masc|Number=Sing|Person=1|PronType=Prs","ATR","det","_","ref=PHILEM_1.24","21","16","20","15"
"0031-018","524633","_","17","_","manual","22","379","0","1","_","24",".","_","_","_","_","u--------","_","_","_","AuxK","_","_","_","22","_","0","_"
"0031-018","524633","_","17","_","manual","23","380","24","1","_","24","E","_","_","_","E","z--------","_","_","_","COORD","_","_","_","23","_","24","_"
"0031-018","524633","_","17","_","manual","24","381","1","1","_","24","E","_","_","_","E","z--------","_","_","_","COORD","_","_","_","24","_","1","_"
"0031-018","524634","31044","18","21","manual","1","382","2","1","_","25","ἡ","Ἡ","ὁ","ὁ","dnfs","l-s---fn-","DET","S-","Case=Nom|Definite=Def|Gender=Fem|Number=Sing|PronType=Dem","ATR","det","_","ref=PHILEM_1.25","1","1","2","2"
"0031-018","524634","31044","18","21","manual","2","383","12","1","_","25","χάρις","χάρις","χάρις","χάρις","nnfsc","n-s---fn-","NOUN","Nb","Case=Nom|Gender=Fem|Number=Sing","SBJ","nsubj","_","ref=PHILEM_1.25","2","2","12","9"
"0031-018","524634","31044","18","21","manual","3","384","4","1","_","25","τοῦ","τοῦ","ὁ","ὁ","dgms","l-s---mg-","DET","S-","Case=Gen|Definite=Def|Gender=Masc,Neut|Number=Sing|PronType=Dem","ATR","det","_","ref=PHILEM_1.25","3","3","4","4"
"0031-018","524634","31044","18","21","manual","4","385","2","1","_","25","κυρίου","κυρίου","κύριος","κύριος","ngmsc","n-s---mg-","NOUN","Nb","Case=Gen|Gender=Masc|Number=Sing","ATR","nmod","_","ref=PHILEM_1.25","4","4","2","2"
"0031-018","524634","31044","18","21","manual","5","386","4","1","_","25","Ἰησοῦ","Ἰησοῦ","Ἰησοῦς","Ἰησοῦς","ngmsc","n-s---mg-","PROPN","Ne","Case=Gen|Gender=Masc|Number=Sing","APOS","appos","_","ref=PHILEM_1.25","5","5","4","4"
"0031-018","524634","31044","18","21","manual","6","387","5","1","_","25","Χριστοῦ","Χριστοῦ","Χριστός","Χριστός","ngmsc","n-s---mg-","PROPN","Ne","Case=Gen|Gender=Masc|Number=Sing","APOS","flat:name","_","ref=PHILEM_1.25","6","6","5","5"
"0031-018","524634","31044","18","21","manual","7","388","12","1","_","25","μετὰ","μετὰ","μετά","μετά","pg","r--------","ADP","R-","_","AuxP","case","_","ref=PHILEM_1.25","7","7","12","9"
"0031-018","524634","31044","18","21","manual","8","389","9","1","_","25","τοῦ","τοῦ","ὁ","ὁ","dgns","l-s---ng-","DET","S-","Case=Gen|Definite=Def|Gender=Masc,Neut|Number=Sing|PronType=Dem","ATR","det","_","ref=PHILEM_1.25","8","8","9","9"
"0031-018","524634","31044","18","21","manual","9","390","7","1","_","25","πνεύματος","πνεύματος","πνεῦμα","πνεῦμα","ngnsc","n-s---ng-","NOUN","Nb","Case=Gen|Gender=Neut|Number=Sing","PNOM","root","_","ref=PHILEM_1.25","9","9","7","0"
"0031-018","524634","31044","18","21","manual","10","391","9","1","_","25","ὑμῶν","ὑμῶν","σύ","ὑμεῖς","rpg-p","p2p---cg-","PRON","Pp","Case=Gen|Gender=Masc|Number=Plur|Person=2|PronType=Prs","ATR","det","_","ref=PHILEM_1.25","10","10","9","9"
"0031-018","524634","_","18","_","manual","11","392","0","1","_","25",".","_","_","_","_","u--------","_","_","_","AuxK","_","_","_","11","_","0","_"
"0031-018","524634","_","18","_","manual","12","393","0","1","_","25","E","_","_","_","E","z--------","_","_","_","PRED","_","_","_","12","_","0","_"
